Species Name ,Authority / Year,Characters:,Description,Colour:,Color,Habitat:,Habitat,Abundance:,Abundance
Acanthastrea bowerbanki,"Haime and Milne Edwards, 1857",Characters:,"Colonies are encrusting and usually small. Corallites are cerioid, with irregular angular shapes. A central corallite is often conspicuous. Septa are compact and columellae are small. Colonies are not fleshy.",Colour:,"Usually pale grey, brown or rust coloured, often mottled.",Habitat:,Lower reef slopes protected from wave action.,Abundance:,Rare except in subtropical localities of eastern Australia.
Acanthastrea brevis,"Milne Edwards and Haime, 1849",Characters:,Colonies are mostly submassive. Corallites are cerioid to subplocoid with moderately thin walls. Septa are thin and widely spaced. Larger septa have very long upwardly projecting teeth giving colonies a spiny appearance. Colonies are usually not fleshy.,Colour:,"Uniform or mottled brown, yellow or green.",Habitat:,Shallow reef environments.,Abundance:,Uncommon.
Acanthastrea echinata,"(Dana, 1846)",Characters:,"Colonies are encrusting to massive and are rarely over one metre across. Corallites are cerioid or subplocoid, circular and have thick walls. Septa have long pointed teeth. Colonies have thick fleshy tissue over the skeleton which usually forms concentric folds.",Colour:,"Uniform or mottled dull brown, grey or green, but sometimes brightly coloured.",Habitat:,Most reef environments.,Abundance:,"Usually uncommon, but by far the most common  on tropical reefs."
Acanthastrea faviaformis,"Veron, 2000",Characters:,"Colonies are encrusting to massive, usually less than 0.2 metres across. Most consist of a small number of encrusting corallites. Corallites are plocoid. Septo-costae are prominent and have thick teeth which have ornamented edges. Columellae are deep seated. Colonies lack the fleshy tissue of most .",Colour:,Mottled browns.,Habitat:,Shallow reef environments.,Abundance:,Uncommon.
Acanthastrea hemprichii,"(Ehrenberg, 1834)",Characters:,"Colonies are encrusting to massive and frequently over one metre across. Corallites are cerioid. Septa have exsert teeth. Colonies have fleshy tissue over the skeleton, but this is seldom thick enough to mask underlying corallites.",Colour:,"Mottled browns and greens, commonly with brown walls and green oral discs.",Habitat:,Most reef environments.,Abundance:,Uncommon.
Acanthastrea hillae,"Wells, 1955",Characters:,Colonies are cerioid and usually small but sometimes over 1.5 metres across. Corallites have irregular shapes and sometimes form short valleys with several centres. Colonies have moderately fleshy tissue over the skeleton.,Colour:,"Red, cream and brown, with walls and oral discs of contrasting colours; sometimes mottled.",Habitat:,Shallow reef environments.,Abundance:,Common only in high latitude locations.
Acanthastrea ishigakiensis,"Veron, 1990",Characters:,"Colonies are massive, usually hemispherical and often over 0.5 metres across. Corallites are up to 25 millimetres diameter and cerioid, becoming plocoid on the colony sides. Septa are mostly uniform, with large teeth. Colonies have thick fleshy tissue over the skeleton.",Colour:,"Uniform blue-grey or mixtures of grey, brown, cream and green, usually with mouth, oral disc and walls of contrasting colours.",Habitat:,"Shallow, partly protected reef environments.",Abundance:,Uncommon but conspicuous.
Acanthastrea lordhowensis,"Veron and Pichon, 1982",Characters:,"Colonies are massive and cerioid, with laterally compressed corallites of uneven height. Walls are acute: septa are thick, with large teeth. Columellae are deep-seated and often barely developed. Colonies have a thick fleshy mantle which is covered by fine papillae.",Colour:,"Very colourful: red, purple and green are the most common colours, with corallites and walls almost always of contrasting colours.",Habitat:,Shallow reef environments especially of subtropical localities.,Abundance:,Sometimes common.
Acanthastrea regularis,"Veron, 2000",Characters:,"Colonies are massive and subplocoid. Septa are uniformly spaced with 8-10 evenly spaced, rounded teeth. Teeth on adjacent septa are often aligned, forming concentric circles. Septa are equal of subequal. Columellae are dep-seated and often weakly developed. Colonies do not have thick tissue over the skeleton.",Colour:,"Variable brown and yellow-brown, usually with contrasting corallite walls and centres.",Habitat:,Shallow reef environments.,Abundance:,Uncommon.
Acanthastrea rotundoflora,"Chevalier, 1975",Characters:,"Colonies are encrusting, sometimes submassive. Small colonies have a conspicuous central corallite. Corallites are plocoid, becoming widely spaced and -like (Pectiniidae) at colony edges. Septa have long pointed teeth. Colonies have fleshy tissue over the skeleton.",Colour:,"Dark brown, rust-red or green.",Habitat:,Protected reef environments.,Abundance:,Usually uncommon.
Acanthastrea subechinata,"Veron, 2000",Characters:,"Colonies are encrusting to massive and are usually small. Corallites are subplocoid and circular, with thick walls. Septa have rounded evenly spaced teeth. Colonies have thick fleshy tissue over the skeleton, but this tissue does not form concentric folds. Septal dentations appear as evenly spaced rows of bead-like tissue down the septal margins.",Colour:,"Uniform grey or green, sometimes mottled.",Habitat:,Shallow reef environments.,Abundance:,Uncommon.
Acanthophyllia deshayesiana,"(Michelin, 1850)",Characters:,"Corals are solitary, usually  cones with a pointed base. Septa are of very contrasting sizes, the largest being extremely large with very large rounded dentations. Smaller septa are thin, the smallest being almost devoid of dentations. Costae are sub-equal. Columellae are large and compact. Paliform lobes are absent or nearly so. Polyps are very fleshy, with thick tissue hiding the underlying skeleton.",Colour:,Concentric pale to dark greens reds and browns combined with radial striations.,Habitat:,Deep soft substrates.,Abundance:,Rare except in deep inter-reef areas.
Acropora abrolhosensis,"Veron, 1985",Characters:,"Colonies are arborescent with straight cylindrical branches. These may form stands over 10 metres across and 2 metres high. Branches are either widely separated or compact, depending on space availability. Axial corallites are large and exsert. Radial corallites are outward facing, appressed to tubular, with circular openings. One or more tentacles per polyp are usually extended during the day.",Colour:,"Brown, blue or pink with pale branch tips.",Habitat:,Lagoons or reef slopes protected from strong wave action.,Abundance:,"Common, especially at the Houtman Abrolhos Islands of south-west Australia."
Acropora abrotanoides,"(Lamarck, 1816)",Characters:,"Colonies are clumps of prostrate branches with fused central branches and usually upwardly-projecting peripheral branches. Branches may be conical to elongate, with or without pointed ends. Branches may have one to several axial corallites. Radial corallites are elongate. Colonies from exposed habitats are distinctive.",Colour:,Deep pinkish-brown or greenish-grey.,Habitat:,"Shallow reef environments, especially reef margins exposed to strong wave action.",Abundance:,Sometimes common.
Acropora aculeus,"(Dana, 1846)",Characters:,"Colonies are corymbose clumps. Horizontal branches are thin and spreading. Upward-projecting branchlets are fine. Axial and radial corallites are not clearly differentiated at branchlet tips. Radial corallites on branch sides are nariform, with slightly flaring lips.",Colour:,"Usually grey or bright blue-green or yellow. Tips of branches may be yellow, lime green, pale blue or brown.",Habitat:,Upper reef slopes and lagoons.,Abundance:,"Usually common in the central Indo-Pacific, uncommon elsewhere."
Acropora acuminata,"(Verrill, 1864)",Characters:,"Colonies are composed of fused horizontal branches, forming small tables. Branches usually have upturned ends which taper to a point. Corallites on horizontal branches are mostly immersed; those on upright branches are usually of two sizes, the larger being tubular, with sharp edges. Skeletons have a permanent dark colour.",Colour:,Usually bright or pale blue or brown.,Habitat:,Turbid or clear water on upper or lower reef slopes.,Abundance:,Uncommon.
Acropora akajimensis,"Veron, 1990",Characters:,"Colonies consist of dense thickets of prostrate tapered, curving branches which occasionally fuse. Sub-branches are formed at frequent intervals and branch acutely. Axial corallites are moderately exsert. Incipient axial corallites cover the upper surface of horizontal branches. Radial corallites are of two sizes on main branches. On sub-branches they are exsert and tubular, with fine fluted margins giving colonies a spiky surface.",Colour:,"Brown, blue and yellow.",Habitat:,Shallow reef slopes and flats.,Abundance:,"Occasionally locally common, usually rare."
Acropora anthocercis,"(Brook, 1893)",Characters:,Colonies are thick corymbose to encrusting plates. Branchlets are short and thick and may be almost encrusting where colonies are exposed to strong wave action. There are usually several axial or incipient axial corallites per branchlet. Radial corallites are appressed with thick flaring walls and are arranged in a rosette.,Colour:,"Colonies are a mixture of colours, blue, mauve, purple and grey being the most common.",Habitat:,Upper reef slopes exposed to strong wave action.,Abundance:,Sometimes common.
Acropora appressa,"(Ehrenberg, 1834)",Characters:,Colonies are caespitose to corymbose upright bushes. Axial corallites are conspicuous and conical in shape. Radial corallites may form incipient axial corallites. Most radial corallites are tubular with nariform openings.,Colour:,Whitish extremities with brown lower branches and brown corallites.,Habitat:,Shallow rocky foreshores and reefs.,Abundance:,"Common in in east Africa,  uncommon elsewhere."
Acropora arabensis,"Hodgson and Carpenter, 1995",Characters:,"Colonies are digitate with upright branches which usually divide infrequently and taper only towards their ends. Axial corallites are conspicuous and dome-shaped. Radial corallites are strongly appressed and thick walled, with small openings.",Colour:,Brown or grey with pale branch ends.,Habitat:,Upper reef slopes and lagoons.,Abundance:,Locally common.
Acropora aspera,"(Dana, 1846)",Characters:,"Colonies are corymbose clumps or tables with thick branches of highly variable length depending on exposure to wave action. Axial corallites are small but distinct. Radial corallites are of two sizes, crowded, and have prominent lower lips giving a scale-like appearance.",Colour:,"Usually pale blue-grey, green or cream, sometimes bright blue.",Habitat:,"Reef flats and shallow lagoons, also exposed upper reef slopes and occasionally deep water.",Abundance:,Sometimes common.
Acropora austera,"(Dana, 1846)",Characters:,"Colonies are mostly arborescent, often with highly fused main branches. Main branches often curve away from each other and typically taper. Sub-branches are numerous, irregular in size and also taper. Axial corallites are thick walled but have small openings. Radial corallites are sometimes arranged in rows, are irregular in size, the larger projecting outwards with wide square-shaped openings.",Colour:,"Many colours, most commonly blue (which may photograph pink) or cream. Axial corallites are frequently yellow.",Habitat:,"Upper reef slopes, especially where exposed to turbulence.",Abundance:,Usually uncommon.
Acropora awi,"Wallace and Wolstenholme, 1998",Characters:,Colonies consist of bottlebrush branches which may form a loose thicket but which are usually long and distinct. Branchlets and sub-branchlets are compact and of uniform shape. Axial corallites intergrade with radial corallites and are long and tubular. Small radial corallites are pocket-shaped.,Colour:,Grey-brown.,Habitat:,Shallow reef slopes and fringing reefs.,Abundance:,Common.
Acropora azurea,"Veron and Wallace, 1984",Characters:,"Colonies are irregular clumps of straight fine tapered branches arising from a solid base. Radial corallites are appressed, with small nariform rounded openings.",Colour:,"Uniform sky-blue (which may photograph pink), cream or brown.",Habitat:,Upper reef slopes exposed to strong wave action.,Abundance:,Usually uncommon.
Acropora batunai,"Wallace, 1997",Characters:,"Colonies are corymbose, cushion-like or form tables up to approximately one metre across. They have prostrate horizontal branches with short upright branchlets. Axial, incipient axial and radial corallites intergrade; all are small, tubular and sharp edged. Branchlets tend to have a bottlebrush arrangement of radial corallites.",Colour:,"Pale brown, blue (which may photograph pink) or grey.",Habitat:,Shallow protected reef environments.,Abundance:,Uncommon.
Acropora bifurcata,"Nemenzo, 1971",Characters:,"Colonies are wide flat plates and tables. Branches are thin, finely structured and widely spaced forming a delicate lattice network. Branchlets are fine and strongly inclined on the plate surface. Axial and incipient axial corallites are indistinguishable. Radial corallites are cup-shaped and are not arranged in rosettes.",Colour:,Pale branches with darker corallites.,Habitat:,Upper reef slopes.,Abundance:,Uncommon.
Acropora branchi,"Riegl, 1995",Characters:,"Colonies consist of flat, highly fused basal plates. Colonies are sometimes single solid plates covered with short tapered branchlets and incipient axial corallites. Otherwise they have short upright branchlets which are usually widely spaced. Axial corallites are indistinct from radial corallites. Radial corallites have thick lips.",Colour:,"Dark brown or green, usually with pale plate margins.",Habitat:,Upper reef slopes and tidal pools.,Abundance:,Common.
Acropora bushyensis,"Veron and Wallace, 1984",Characters:,"Colonies are digitate, compact, with only slightly tapering branches. Mature colonies are cushion-like. Axial corallites are approximately twice the size of radial corallites. Radial corallites are short, tubular and outward facing, with distinctive wide openings.",Colour:,"Pale brown yellow or cream, occasionally with blue branch tips.",Habitat:,Reef lagoons.,Abundance:,Usually rare.
Acropora cardenae,"Wells, 1985",Characters:,"Colonies are fine prostrate branches which divide at irregular intervals. Axial corallites are blunt. Radial corallites are widely spaced, short, appressed and nariform at branch bases becoming tubular towards their ends.",Colour:,Pale brown.,Habitat:,Protected lower reef slopes.,Abundance:,Locally common.
Acropora carduus,"(Dana, 1846)",Characters:,Colonies form bottlebrush thickets with upright or prostrate main branches. Axial and incipient axial corallites are short and tapered. Radial corallites are small and pocket-shaped. All corallites have thick walls.,Colour:,"Uniform pale brown or cream, rarely blue or mauve. Extremeties are white.",Habitat:,Deep water or protected reef backs and lagoons.,Abundance:,Common.
Acropora caroliniana,"Nemenzo, 1976",Characters:,"Colonies are thick horizontal plates composed of highly fused prostrate branches and short branchlets. Branchlets have large, usually tapering, axial and incipient axial corallites curving upwards or pointing in different directions. Radial corallites are small and pocket-like.",Colour:,Whitish-brown or pale blue.,Habitat:,Upper reef slopes.,Abundance:,Uncommon.
Acropora cerealis,"(Dana, 1846)",Characters:,"Colonies are caespitose or corymbose, composed of branches which interlock in three dimensions. Branches are thin, with most of their width occupied by corallites. Axial corallites are tubular. Radial corallites are tubular and appressed, becoming nariform and conspicuous towards the tips of branches giving colonies a spiky appearance.",Colour:,"Mostly pale brown, cream or white, with purple, pink, blue or cream branch tips.",Habitat:,Upper reef slopes.,Abundance:,Common.
Acropora cervicornis,"(Lamarck, 1816)",Characters:,"Colonies may form stands several metres across. They are arborescent, composed of cylindrical branches which subdivide infrequently. Corallites are tubular; axial corallites are distinctive.",Colour:,Pale brown or tan with white axial corallites.,Habitat:,Upper to mid reef slopes and lagoons with clear water.,Abundance:,Sometimes common.
Acropora chesterfieldensis,"Veron and Wallace, 1984",Characters:,"Colonies are digitate clumps, sometimes forming large stands. Branches are not tapered and divide irregularly. All corallites are rounded, with thick walls. Axial and incipient axial corallites are large and dome-shaped. Radial corallites are short and appressed.",Colour:,Cream or yellow.,Habitat:,Reef slopes and lagoons.,Abundance:,"Common on the Chesterfield Reefs and Norfolk Island, rare elsewhere."
Acropora clathrata,"(Brook, 1891)",Characters:,"Colonies are tables, usually side-attached, with generally horizontal radiating anastomosing branches which may form an almost solid plate. There is usually no development of vertical branchlets. Radial corallites are immersed to tubular, with nariform openings.",Colour:,"Brown, grey or green, often with pale margins.",Habitat:,"Upper reef slopes, back reef margins and fringing reefs.",Abundance:,Common.
Acropora convexa,"(Dana, 1846)",Characters:,"Colonies are corymbose cushions, with thin elongate uniform branches. Axial corallites are tubular in shape. Radial corallites are all the same size and evenly to widely space on branches. They are labellate, with prominent rounded to flaring lower lips giving a scale-like appearance.",Colour:,"Dull creamy-brown, sometimes with yellowish axial corallites.",Habitat:,Turbid reef slopes and lagoons.,Abundance:,Uncommon.
Acropora cophodactyla,"(Brook, 1892)",Characters:,"Colonies are digitate bushes with an extensive encrusting base. Branches are thick, tapering to a conspicuous axial corallite. Radial and incipient axial corallites are of mixed sizes and are irregularly distributed.",Colour:,Primarily blue or purple.,Habitat:,Exposed upper reef slopes and flats.,Abundance:,Rarely common.
Acropora copiosa,"Nemenzo, 1967",Characters:,"Colonies are clumps of prostrate or upright branches. They have irregular branching patterns with frequent sub-branches. Axial corallites are small. Radial corallites are crowded, tubular, appressed, and are irregular in size and shape.",Colour:,Brown and pinkish brown.,Habitat:,"Shallow protected reef environments, especially lagoons.",Abundance:,"Uncommon in Japan, rare elsewhere."
Acropora cytherea,"(Dana, 1846)",Characters:,"Colonies are wide flat tables which are usually thin and finely structured. May become thick and robust in turbulent environments. Fine upward projecting branchlets have exsert axial corallites. Radial corallites are short, with open calices. Tentacles are frequently extended during the day.",Colour:,"Uniform pale cream, brown or blue.",Habitat:,Upper reef slopes and lagoons.,Abundance:,Common and conspicuous.
Acropora dendrum,"(Bassett-Smith, 1890)",Characters:,"Colonies are usually 0.5-1 metre across and are corymbose plates with widely spaced, slightly tapering branchlets. Axial corallites are small. Radial corallites are immersed or nearly so, giving branchlets a smooth appearance.",Colour:,Pale brown or cream.,Habitat:,Occurs only on upper reef slopes where  diversity is high.,Abundance:,Rare.
Acropora derawanensis,"Wallace, 1997",Characters:,Colonies are upright or prostrate tangles of branches and are up to one metre across. Branches are thin and delicate. Axial corallites are long and tubular. Radial corallites are mostly small and tubular to pocket-shaped with sharp edges.,Colour:,"Reddish-brown, with blue or white axial corallites.",Habitat:,Shallow reef environments protected from strong wave action.,Abundance:,Uncommon except on some sheltered reef slopes.
Acropora desalwii,"Wallace, 1994",Characters:,"Colonies are corymbose plates with crowded branchlets. Branchlets at the colony perimeter are mostly horizontal and distinct from those from the rest of the colony. Branchlets may have more than one axial corallite. Axial corallites and incipient axial corallites are long, tubular and upright, except towards plate margins where they are similar to radial corallites.",Colour:,"Pale brown, blue (which may photograph pink) or green, usually with distinct colouration of the colony margins.",Habitat:,Shallow protected reefs.,Abundance:,Common.
Acropora digitifera,"(Dana, 1846)",Characters:,"Colonies are digitate and commonly form attached plates over one metre across. Branches are small, cylindrical or tapered, and sub-branches are sometimes formed. Axial corallites are small to medium in size. Radial corallites are tubular, uniform in size down branch sides, and usually have slightly flaring lips.",Colour:,"Purple, pale brown, cream or yellow, often with pale blue (which may photograph purple), cream or yellow branch tips.",Habitat:,Wave-washed back margins of reefs.,Abundance:,Sometimes common.
Acropora divaricata,"(Dana, 1846)",Characters:,Colonies are generally branching and vary from perforated plates to cushion-shaped. Branches may be flattened or tapered. Axial corallites are often devoid of radial corallites on their upper surface. Radial corallites are all similar and are usually aligned along branches. They change along the branch from immersed to tubular and appressed.,Colour:,"Usually dark brown or greenish brown, sometimes with light brown or blue branch tips or dark blue with whitish tips.",Habitat:,"Upper reef slopes, lagoons and fringing reefs.",Abundance:,"Common, may be a dominant species."
Acropora donei,"Veron and Wallace, 1984",Characters:,"Colonies are table-like, up to 2 metres across, and consist of masses of fused horizontal branches. Peripheral branches are mostly horizontal; those towards the colony centre have upturned ends. All branches have blunt ends and are neatly arranged. Radial corallites are usually in two sizes, the larger of which has flaring lips. The coenosteum is coarse, giving a rough appearance to branches.",Colour:,"Green, white, cream, rarely pale brown.",Habitat:,Restricted to shallow fringing reefs and upper reef slopes where  diversity is high.,Abundance:,Uncommon but distinctive.
Acropora downingi,"Wallace, 1999",Characters:,"Colonies are tables, usually side-attached, generally with horizontal radiating anastomosing branches becoming highly fused at the centre of large colonies. Branchlets may have upturned ends; these are seldom vertical. Axial corallites are small. Radial corallites are of mixed sizes and crowded, with sharp-edged nariform openings.",Colour:,"Brown, grey or green, often with pale margins.",Habitat:,Shallow margins of fringing reefs.,Abundance:,Common.
Acropora echinata,"(Dana, 1846)",Characters:,"Colonies are composed of prostrate, sometimes intertwined, bottlebrush branches. Secondary branchlets are fine and uniform. There is no distinction between axial and incipient axial corallites. Radial corallites are short and tubular or pocket shaped, indistinct or absent.",Colour:,"Usually cream or white, with blue or purple branchlet tips (which may photograph pink to red). Occasionally entirely blue.",Habitat:,Protected reef environments with clear water and a high  diversity.,Abundance:,Usually uncommon but conspicuous.
Acropora efflorescens,"(Dana, 1846)",Characters:,"Colonies are extensive flat plates which are solid except towards the perimeter which usually consists of highly fused irregular branches. They may exceed 2 metres across. Upright branchlets are usually present.Axial and radial corallites are not differentiated; all have sharp rims. Corallites at plate margins are mostly horizontal, those on upper plate surfaces are short, compact and upward facing. There is little or no development of corallites on the undersurfaces of plates.",Colour:,Uniform dark grey or green with distinctively coloured margins.,Habitat:,Steep reef slopes.,Abundance:,Rare.
Acropora elegans,"(Milne Edwards, 1860)",Characters:,Colonies are flat plates commonly over one metre across and consist of flattened radiating branches that have a ridge along the upper surface. Upright branchlets may cover part or all of the colony surface. Radial corallites are more prevalent on the sides of branches and are mostly absent from the undersurface. Axial and radial corallites intergrade and all corallites are large and tubular.,Colour:,"Tan, usually with pale branch ends or plate margins.",Habitat:,Protected steeply sloping reef edges.,Abundance:,Rarely common.
Acropora elegantula,"(Ortmann, 1889)",Characters:,"Colonies are corymbose clumps of prostrate branches, except those from reef flats which have thickened upright branchlets. Horizontal branches are thin, diverging, curved and basally fused. The undersurfaces of branches are usually devoid of corallites. Upward projecting branchlets are irregularly spaced. Axial and incipient axial corallites are well defined.",Colour:,Grey with pale branch tips.,Habitat:,Shallow fringing reefs.,Abundance:,Rarely common.
Acropora elseyi,"(Brook, 1892)",Characters:,"Colonies are shaped like fir trees, with bottlebrush-like radiating sub-branches increasing in length down main branches. The degree of branch development varies greatly with environment. Axial and radial corallites are similar. Both are small with thick rounded walls.",Colour:,Yellow or cream with pale branch tips.,Habitat:,Shallow reef slopes and fringing reefs.,Abundance:,Common and may form extensive single species stands.
Acropora eurystoma,"(Klunzinger, 1879)",Characters:,Colonies are corymbose clumps which may be extensive. Branchlets are evenly spaced.  Axial corallites are distinct and tubular. Radial corallites are arranged in a neat rosette and have slightly flaring lips.,Colour:,Grey-brown.,Habitat:,Shallow reef flats and upper slopes.,Abundance:,Common.
Acropora fastigata,"Nemenzo, 1967",Characters:,"Colonies are small clumps of a few very elongate branches. Each branch consists of a single upright axial corallite which has a thick base and is tapered. The distal tips of axial corallites are smooth and devoid of radial corallites. Below the tip, small radial corallites moderately crowded. Larger colonies usually have numerous incipient axial corallites.",Colour:,"Tan, or blue (photographing pink) usually with pale axial corallites.",Habitat:,Shallow reef environments.,Abundance:,Rare.
Acropora fenneri,"Veron, 2000",Characters:,Colonies may be over one metre across and consist of irregular but mostly upright tangles of branches. Branches divide irregularly and form short branchlets from incipient axial corallites. Axial and incipient axial corallites are identical; the latter usually have several tubular appressed radial corallites. The coenosteum is smooth.,Colour:,Pale brown.,Habitat:,"Shallow reef environments protected from wave action. ,  and  may occur together in the same habitat.",Abundance:,Uncommon.
Acropora filiformis,"Veron, 2000",Characters:,"Colonies may be several metres across and consist of upright or prostrate tangles of mostly straight branches. Branches are exceptionally thin and delicate. They divide infrequently. Axial corallites are long and tubular. Radial corallites are mostly small and tubular to pocket-shaped, with sharp edges.",Colour:,Pale brown.,Habitat:,With  in shallow reef environments protected from wave action.,Abundance:,Rare.
Acropora florida,"(Dana, 1846)",Characters:,"Colonies in turbid water may attain great sizes. They are composed of thick upright or prostrate branches covered with short, stubby sub-branches. Main branches may be highly fused in some geographic regions. Horizontal branches may have no branchlets on the undersurface. Axial corallites are small. Radial corallites are either immersed or uniformly tubular over the whole colony.",Colour:,"Usually browns, occasionally bright green. The dominant colour varies geographically.",Habitat:,Shallow reef environments.,Abundance:,Common.
Acropora forskali,"(Ehrenberg, 1834)",Characters:,"Colonies consist of compact to open branches which are usually twisted into irregular shapes. Sub-branches are highly variable in number. Axial corallites are tubular; incipient axial corallites occur on branch sides. Radial corallites are irregular, immersed to tubular, giving branch surfaces a rough appearance. Tentacles are often extended during the day.",Colour:,Usually grey.,Habitat:,Shallow reef environments.,Abundance:,Uncommon.
Acropora fragilis,"(Bassett-Smith, 1890)",Characters:,"Colonies are irregular tables, sometimes over one metre across, with horizontal branches forming an open network. Upright branchlets are not developed towards the colony margins. Axial corallites are long and tubular and incipient axial corallites are irregular. Radial corallites are immersed on main branches and are triangular in shape, with nariform openings.",Colour:,Pale brown.,Habitat:,Shallow reef environments.,Abundance:,Common.
Acropora gemmifera,"(Brook, 1892)",Characters:,"Colonies are digitate. Branches are thick, tapering to a small axial corallite. Radial corallites are of two sizes, usually in rows. The larger sized corallites increase in length towards branch bases, where incipient axial corallites are common.",Colour:,"Usually purple, blue (which may photograph pink), cream or brown, with blue or white branch tips. Dark grey with white corallite rims and yellow axial corallites in the western Indian Ocean.",Habitat:,Exposed upper reef slopes and flats.,Abundance:,"Common in subtropical locations, rare elsewhere."
Acropora glauca,"(Brook, 1893)",Characters:,"Colonies consist of flat, highly fused, basal branches with irregular upright branchlets. Commonly forms tiered plates.The entire colony is sometimes a single solid plate and sometimes upward branchlets are not developed. Axial corallites are similar to radial corallites. Radial corallites have wide openings and thick lips.",Colour:,"Brown, cream or green.",Habitat:,Rocky foreshores of subtropical locations.,Abundance:,Seldom common.
Acropora globiceps,"(Dana, 1846)",Characters:,"Colonies are digitate and usually small. The size and appearance of branches depends on degree of exposure to wave action, but are always short, closely compacted, with dome-shaped ends. Colonies exposed to strong wave action may have pyramid-shaped branchlets. Corallites are irregular in size, those on colonies on reef slopes are tubular, those on reef flat colonies are more immersed. Axial corallites are small and sometimes indistinguishable. Radial corallites are irregular in size, and are sometimes arranged in rows down the sides of branches.",Colour:,Uniform blue (which may photograph purple) or cream.,Habitat:,Upper reef slopes and reef flats.,Abundance:,Common.
Acropora grandis,"(Brook, 1892)",Characters:,"Colonies are arborescent, with thick upright to prostrate branches. They may form stands 7 metres across. In shallow water branches are short and compact, while in deeper water colonies have more open branches. Radial corallites are of mixed sizes and shapes; those near branch tips are long and tubular and similar to axial corallites. Branch tips are very soft and readily crushed.",Colour:,"Usually dark reddish-brown with pale branch tips. Other colours include blue, purple and green, usually with paler branch tips.",Habitat:,"A wide variety of environments, especially upper reef slopes and lagoons.",Abundance:,Common.
Acropora granulosa,"(Milne Edwards, 1860)",Characters:,"Colonies are semi-circular horizontal plates, usually less than one metre across. Plates are composed of regularly spaced horizontal branches are covered with short inclined branchlets composed mostly of one or more axial and incipient axial corallites. Radial corallites are small and pocket-like.",Colour:,"Usually uniform cream, grey or pale blue (which may photograph purple), but may be other colours.",Habitat:,"Most reef environments, especially reef slopes protected from wave action.",Abundance:,Usually uncommon.
Acropora haimei,"(Milne Edwards, 1860)",Characters:,"Colonies consist of dense thickets of short upright tapered branches. Colonies may form extensive single-species stands in shallow water. Axial corallites are exsert and tubular. Radial corallites are irregular in size and tubular, with sharp-edged lips giving colonies a spikey appearance.",Colour:,Uniform pale or dark brown wich white corallites.,Habitat:,Shallow reef environments.,Abundance:,Sometimes common .
Acropora halmaherae,"Wallace and Wolstenholme, 1998",Characters:,Colonies are compact bushes with delicate upright branches creating thickets. Branches form at acute angles. Axial and radial corallites are both tubular and of similar length down branches.,Colour:,Pink-grey with white tips.,Habitat:,"Shallow protected reef environments, especially lagoons.",Abundance:,Common.
Acropora hemprichii,"(Ehrenberg, 1834)",Characters:,Colonies consist of open thickets of sturdy prostrate to upright branches. They are frequently over 2 metres across and may form extensive single species stands. Axial corallites are dome-shaped and incipient axial corallites are common. Radial corallites are large and conical. They are irregularly spaced and have thick smooth walls. The coenosteum is smooth.,Colour:,Commonly brown or pinkish brown.,Habitat:,Shallow reef environments.,Abundance:,Common.
Acropora hoeksemai,"Wallace, 1997",Characters:,"Colonies may be over 2 metres across, composed of irregularly fused horizontal branches, with upturned pointed ends except at the colony perimeter. Vertical branches are evenly spaced. Colonies usually have a side attachment. Branches are irregularly spaced. Radial corallites are uniform, tubular, and neatly aligned along branches.",Colour:,Cream or pale brown.,Habitat:,Shallow reef environments.,Abundance:,Usually uncommon.
Acropora horrida,"(Dana, 1846)",Characters:,"Colonies are usually open branched, becoming bushy on upper reef slopes and in shallow lagoons. Main branches of colonies in turbid water have irregular branchlets; those in shallow clear water have compact branchlets, giving colonies a bushy appearance. Corallites are irregular and the surface of branches is rough. Tentacles are usually extended during the day.",Colour:,"Usually pale blue (which may photograph pink or purple), sometimes dark blue or pale yellow or brown. Polyps are pale blue or white.",Habitat:,Turbid water around fringing reefs.,Abundance:,"Usually common, and sometimes a dominant species."
Acropora humilis,"(Dana, 1846)",Characters:,"Colonies are digitate. Branches are thick, gradually tapering to large dome-shaped axial corallites. Small branchlets or incipient axial corallites usually occur at the base of main branches. Radial corallites are of two sizes, the larger are usually in rows, have thick walls and only increase slightly down the sides of branches.",Colour:,"Many colours, but most usually cream, brown, purple or blue (which may photograph purple) with blue or cream tips.",Habitat:,Exposed upper reef slopes and reef flats.,Abundance:,One of the most abundant corals of exposed outer reef slopes of much of the western Pacific.
Acropora hyacinthus,"(Dana, 1846)",Characters:,"Colonies are wide flat plates and tables or tiered aggregations of small plates. Branchlets are thin and finely structured except where exposed to wave action, when they become closely fused. Branchlets are fine and upward-projecting. Axial corallites are distinct but not exsert. Radial corallites are cup-shaped and form rosettes.",Colour:,"Uniform cream, brown, grey or green with or without blue (which may photograph pink) growing margins.",Habitat:,Upper reef slopes and outer reef flats.,Abundance:,Common.
Acropora indonesia,"Wallace, 1997",Characters:,"Small colonies are cushion-shaped, becoming more table-like or tiered with increasing size. Branches are thin, vertical and close together. Those on the sides of colonies have irregularly upturned ends. Axial corallites are usually prominent. Radial corallites are rasp-like and uniform in size.",Colour:,Usually pale to dark grey-brown.,Habitat:,Horizontal surfaces protected from wave action.,Abundance:,Uncommon.
Acropora insignis,"Nemenzo, 1967",Characters:,"Colonies form compact irregular corymbose clumps with distal branches much finer than proximal branches. Axial corallites are long and tubular. Radial corallites are widely spaced, immersed on main branches becoming scale-like on distal branches.",Colour:,White branches with contrastingly coloured radial corallites. This colour pattern is useful for identification.,Habitat:,Shallow reef environments.,Abundance:,Common.
Acropora intermedia,"(Brook, 1891)",Characters:,Colonies have large upright cylindrical branches and may form stands more than 5 metres across. Horizontally fused basal branches are only developed in shallow water. Radial corallites are of mixed sizes and shapes and are rasp-like.,Colour:,"Cream, brown, blue, yellow and green. Individual colonies are uniform in colour except for the branch ends, which are pale.",Habitat:,Deep sandy lagoons to upper reef slopes.,Abundance:,Uncommon.
Acropora jacquelineae,"Wallace, 1994",Characters:,"Colonies are flat plates up to one metre across. Viewed from above, plates are covered with a mass of very fine delicate curved axial corallites giving an almost moss-like appearance. There is almost no development of radial corallites.",Colour:,Uniform grey-brown or pinkish.,Habitat:,Shallow reef slopes protected from wave action.,Abundance:,Common in mainland Japan where it may be a dominant species.
Acropora japonica,"Veron, 2000",Characters:,"Colonies are flat plates, or tiers of plates with short digitate branchlets. Small colonies exposed to wave action have extensive encrusting bases and widely spaced branchlets. In most colonies branches are tightly compacted. Axial corallites are small. Radial corallites are tubular, uniform in size down branch sides and usually have slightly flaring lips.",Colour:,Uniform green or brown.,Habitat:,Shallow rocky foreshores.,Abundance:,Sometimes common.
Acropora kimbeensis,"Wallace, 1999",Characters:,"Colonies are compact clumps or bushes. Branches are fine, upright, tapered and irregularly fused (caespitose). Branchlets develop from incipient axial corallites and are evenly spaced. Axial corallites are small, although well defined. Radial corallites are tubular and appressed with openings less than 1 mm diameter.",Colour:,"Uniform yellow, cream or blue (which may photograph pink).",Habitat:,Upper reef slopes and lagoons.,Abundance:,Usually uncommon.
Acropora kirstyae,"Veron and Wallace, 1984",Characters:,"Colonies are caespitose thickets, composed of masses of fine branches with frequent sub-branches and incipient axial corallites. Radial corallites are tubular and appressed, except near branch tips, and irregular in size and shape. They may have flaring lips near branch tips.",Colour:,Commonly pale orange-brown. Branch tips are usually white.,Habitat:,Shallow water protected from wave action.,Abundance:,Rare.
Acropora kosurini,"Wallace, 1994",Characters:,"Colonies are corymbose clumps with long tapering branchlets. Axial corallites are dome-shaped. Radial corallites are strongly appressed and have nariform openings. Large and small corallites are intermixed, but large corallites are uniform in size, nariform and strongly appressed.",Colour:,Brown.,Habitat:,Shallow reef environments.,Abundance:,Common.
Acropora lamarcki,"Veron, 2000",Characters:,"Colonies are corymbose plates that may be over 2 metres across, or irregular cushion-like plates. Plates have short upright branchlets, which are commonly more elongate towards the colony margins. The latter may divide and all branches are up to 15 millimetres thick and taper towards axial corallites, which are slightly exsert, tubular and conspicuous. Radial corallites are appressed with flaring outer lips. They usually form irregular rosettes.",Colour:,Uniform brown.,Habitat:,Upper reef slopes.,Abundance:,Common except in the central and western Indian Ocean where it is only known from a few records.
Acropora latistella,"(Brook, 1892)",Characters:,"Colonies form corymbose plates or clumps. Branchlets are thin and delicate, straight or uniformly curved. Axial corallites are usually distinctive. Radial corallites have a rosette arrangement, are usually in rows and are appressed with rounded openings. Tentacles are usually extended during the day.",Colour:,"Uniform pale cream, grey or brown, sometimes green or purple. Branch ends are sometimes yellow.",Habitat:,"A wide range of environments, especially shallow turbid water.",Abundance:,Sometimes common and may be a dominant species.
Acropora lianae,"Nemenzo, 1967",Characters:,"Colonies form compact bushes up to 0.5 metres across. Axial and incipient axial corallites are distinctive. Radial corallites are usually a mixture of sizes and are short, barrel-shaped, and strongly appressed.",Colour:,Dark lower parts of branches and white upper parts.,Habitat:,"Shallow reef environments, especially on horizontal substrates.",Abundance:,Uncommon.
Acropora listeri,"(Brook, 1893)",Characters:,"Colonies are irregular clumps or corymbose plates with thick branches of highly irregular length and shape. Branches may be tapered (in wave washed habitats), conical, dome-shaped or globular (in less exposed habitats), depending on the degree of formation of axial corallites. One or more axial corallites may occur on branch ends or, commonly, there are no axial corallites. Radial corallites are irregularly immersed to tubular and often have slit-like openings and pointed rims, giving colonies a spiny appearance.",Colour:,Cream or brown.,Habitat:,"Upper reef slopes, especially those exposed to strong wave action.",Abundance:,Usually uncommon but may be a dominant species.
Acropora loisetteae,"Wallace, 1994",Characters:,Colonies are arborescent with thin straight cylindrical branches. May form extensive stands. Axial corallites are prominent and tubular. Radial corallites are of one size and are short and scale-like.,Colour:,Blue (which may photograph purple) or pink.,Habitat:,Protected lagoons.,Abundance:,Sometimes common.
Acropora lokani,"Wallace, 1994",Characters:,Colonies are composed of robust horizontal main branches which usually diverge. Short upright branchlets diverge from main branches. Axial corallites and incipient axial corallites radiate from branchlets and are tubular in shape large and dominant. Radial corallites are small and pocket shaped.,Colour:,"Cream, brown or blue (which may photograph pink).",Habitat:,Shallow reef environments.,Abundance:,Common and may be a dominant species on unconsolidated substrates.
Acropora longicyathus,"(Milne Edwards, 1860)",Characters:,"Colonies are subarborescent, with bottlebrush branches where upright main branches sometimes form clumps. Axial and incipient axial corallites may be indistinguishable. Radial corallites are appressed. All corallites have thick walls with round openings.",Colour:,"Usually uniform pale to dark brown, occasionally blue.",Habitat:,A wide range of reef environments.,Abundance:,Common in the central Indo-Pacific.
Acropora loripes,"(Brook, 1892)",Characters:,"Colonies have many shapes varying from upright bushes to thick plates. There is a continuous range of shape and size between axial and radial corallites; both may be tubular to nearly spherical, with very thick walls. Tubular axial corallites often have no radial corallites on one side and pocket-like radial corallites on the other. All corallites are smooth and rounded.",Colour:,Usually pale blue (which may photograph pink) or brown. Axial corallites are usually whitish.,Habitat:,Upper reef slopes but occurs in a wide range of environments.,Abundance:,"Common on subtropical reefs of south-east Australia where it forms extensive stands, rare elsewhere."
Acropora lovelli,"Veron and Wallace, 1984",Characters:,"Colonies usually have compact branches which do not fuse. Upright branches may be tall and have many perpendicular sub-branches. Axial corallites are large and dome-shaped. Radial corallites are immersed on lower branches, becoming appressed to tubular on upper branches.",Colour:,Pale brown or blue.,Habitat:,Shallow protected lagoons and lagoon entrances.,Abundance:,"Sometimes common on the Great Barrier Reef, usually uncommon elsewhere."
Acropora lutkeni,"Crossland, 1952",Characters:,"Colonies are corymbose with thick tapering branches. Branches have incipient axial corallites and branchlets developing towards their base. Sometimes branches are long. Axial corallites are rounded and usually not much larger than radial corallites. Radial corallites are crowded, irregular and have a wide range of shapes and sizes but are characteristically thick walled with rounded margins.",Colour:,"Uniform grey, creamy brown, or purple.",Habitat:,Shallow upper reef slopes exposed to strong wave action or currents.,Abundance:,Common.
Acropora maryae,"Veron, 2000",Characters:,"Colonies are usually upright compact bushes, but may form thick plates. Branches are short and sub-branches are frequent. Axial and incipient axial corallites are large and dome-shaped, with thick walls. They may become long and tubular. Radial corallites are small and inconspicuous. All corallites are smooth and rounded. The coenosteum is smooth.",Colour:,Usually uniform blue (which may photograph pink) or cream.,Habitat:,Upper reef slopes.,Abundance:,Sometimes common.
Acropora massawensis,"von Marenzeller, 1906",Characters:,"Colonies form extensive flat digitate clumps or thickets composed of branchlets of similar length and shape. Axial corallites are small. Radial corallites are irregular in length and are not clearly in rows down branchlet sides. They are tubular, the longer corallites being very elongate giving colonies a spiky appearance.",Colour:,White to pale brown.,Habitat:,Upper reef slopes.,Abundance:,Uncommon.
Acropora meridiana,"Nemenzo, 1971",Characters:,"Colonies consist of a tangle of branches which are usually twisted into irregular shapes. Branchlets are uncommon. Axial corallites are tubular; incipient axial corallites occur irregularly. Radial corallites are irregular and immersed to tubular, giving branch surfaces a rough appearance.",Colour:,Grey or tan.,Habitat:,Shallow reef environments.,Abundance:,Usually uncommon.
Acropora microclados,"(Ehrenberg, 1834)",Characters:,"Colonies are corymbose plates up to approximately one metre across, with short, uniform, evenly spaced, tapered branchlets up to 10 millimetres thick at the base. Axial corallites are tubular and conspicuous. Incipient axial corallites are common. Radial corallites are irregular, mostly tubular and appressed, with sharp edged nariform openings.",Colour:,"Usually a distinctive pale pinkish-brown, but is occasionally other colours. Pale grey tentacles are often extended during the day.",Habitat:,Upper reef slopes.,Abundance:,Common and may be a dominant species in shallow water.
Acropora microphthalma,"(Verrill, 1869)",Characters:,"Colonies frequently exceed 2 metres across and may form extensive single species stands. Branching is arborescent, usually forming thickets. Branches are slender and straight. Sub-branches may occur at irregular intervals. Radial corallites are small, numerous, and of similar size.",Colour:,"Usually pale grey, sometimes pale brown or cream.",Habitat:,"Upper reef slopes, also turbid water and sandy lagoons.",Abundance:,Common.
Acropora millepora,"(Ehrenberg, 1834)",Characters:,"Colonies are corymbose cushions or form clumps with irregular uniform branches. Axial corallites are tubular in shape. Radial corallites are labellate with rounded, flaring lower lips, all the same size and form a rosette near branchlet tips.",Colour:,Usually brown or muddy green but sometimes blue or purple.,Habitat:,"Shallow water, usually reef flats, but also lagoons and upper reef slopes.",Abundance:,Common but inconspicuous.
Acropora minuta,"Veron, 2000",Characters:,Colonies are encrusting and are devoid of any tendency to form branches. All corallites are rasp-like and are very small (averaging 1 mm diameter).,Colour:,"Bright green, sometimes brown.",Habitat:,Reef flats exposed to strong wave action or currents.,Abundance:,Sometimes common.
Acropora mirabilis,"(Quelch, 1886)",Characters:,"Colonies form corymbose plates or irregular clumps. Branchlets are tall, straight or irregular and are slightly tapered. Colonies exposed to wave action have compacted branchlets; those in protected habitats have irregular branches. Axial corallites are prominent. Radial corallites are short and uniform in size. Septa are short and numerous. Tentacles may be partly extended during the day.",Colour:,Uniform grey.,Habitat:,Shallow reef slopes.,Abundance:,"Sometimes common in eastern Australia, usually uncommon elsewhere."
Acropora monticulosa,"(Brüggemann, 1879)",Characters:,"May form dome-shaped colonies over 3 metres across, composed of isolated subcolonies which are shaped like upturned hands. Colonies (or subcolonies) are digitate, with thick branches tapering to a small axial corallite. Colonies exposed to strong wave action have pyramid-shaped branchlets. Radial corallites are uniform in size and usually arranged in rows.",Colour:,"Blue (which may photograph purple) or cream, usually with pale branch tips of contrasting colours.",Habitat:,Upper reef slopes.,Abundance:,Uncommon.
Acropora multiacuta,"Nemenzo, 1967",Characters:,Colonies are thickets or small clumps with branches consisting primarily of extremely long tapered axial corallites. Incipient axial corallites forming branchlets occur at the base of the main axial corallites.,Colour:,Usually off-white or cream.,Habitat:,Wave washed lagoon margins.,Abundance:,Common and frequently a dominant species.
Acropora muricata,"(Linnaeus, 1758)",Characters:,"Colonies are arborescent, with cylindrical branches. They usually form thickets and may form single species stands over 10 metres across. In shallow water branches are short and compact, while in deeper water colonies have more open branches. Axial corallites are exsert. Radial corallites are tubular. They may be similar or varied in size, and uniformly or irregularly distributed.",Colour:,"Usually cream, brown or blue, generally with pale branch ends.",Habitat:,Reef slopes and lagoons.,Abundance:,Sometimes common.
Acropora nana,"(Studer, 1878)",Characters:,"Colonies are compact clumps of long, non-tapering, straight, equidistant branchlets radiating from a solid base. Axial corallites are tubular with rounded margins. Radial corallites are long, tubular and appressed. The whole colony is delicate and branchlets readily break apart.",Colour:,"Cream, blue or purple, usually with purple branch tips.",Habitat:,Outer reef flats where currents or wave action is strong.,Abundance:,Common.
Acropora nasuta,"(Dana, 1846)",Characters:,Colonies are irregularly corymbose with elongate tapering branchlets. Axial corallites are tubular. Radial corallites are usually in neat rows and are distinctively nariform in shape.,Colour:,"Cream or pale brown with blue branch tips (which may photograph pink), cream with brown corallites or greenish-brown with purple or blue corallites.",Habitat:,All  assemblages but especially those of upper reef slopes.,Abundance:,Uncommon.
Acropora natalensis,"Riegl, 1995",Characters:,"Colonies are horizontal plates, sometimes tiered. Plates are composed of fused branches and are almost solid. Branchlets occur irregularly and are widely spaced. Axial corallites are well defined except on the margins of fused plates. Radial corallites are tubular and appressed or elongate, forming incipient axial corallites.",Colour:,"Brown, with pale extremities.",Habitat:,"Upper reef slopes, lagoons and fringing reefs.",Abundance:,Common.
Acropora navini,"Veron, 2000",Characters:,"Colonies are bushy or have thick bottlebrush-like branches. Branchlets and sub-branchlets are compact and of uniform shape. Axial and incipient axial corallites intergrade with radial corallites and are distinctively tubular, with truncated ends. Small radial corallites are pocket-shaped.",Colour:,Generally grey-brown.,Habitat:,Shallow reef slopes and fringing reefs.,Abundance:,Rare.
Acropora ocellata,"(Klunzinger, 1879)",Characters:,"Colonies are digitate. Branches are thick, tapering to a small axial corallite. Small branchlets or incipient axial corallites usually occur at the base of main branches. Radial corallites are of two sizes, the smaller are immersed, the larger are round and evenly spaced.",Colour:,Pale brown with white branch tips.,Habitat:,Outer reef slopes.,Abundance:,Uncommon.
Acropora orbicularis,"(Brook, 1892)",Characters:,"Colonies are usually flat solid plates with well defined margins. Branchlets are short and usually conical except at the sides of colonies where they are inclined and may be only partly fused. Axial corallites are small or indistinguishable from radial corallites. Radial corallites are irregular in size, large and are not arranged in rows down the branchlets.",Colour:,"Uniform blue, cream or pink.",Habitat:,Shallow reef environments exposed to strong wave action.,Abundance:,Usually common and conspicuous.
Acropora palmata,"(Lamarck, 1816)",Characters:,"This species forms the largest colonies of all  (commonly 4 metres across, 2 metres high, with bases 0.4 metres thick) with parallel, obliquely inclined, very thick tapered branches. Branches are horizontally flattened towards their extremities. Corallites are tubular and irregular in length. Axial corallites, if formed at all, are indistinct.",Colour:,Tan or pale brown with white axial corallites.,Habitat:,Shallow outer reef slopes exposed to wave action.,Abundance:,Uncommon.
Acropora palmerae,"Wells, 1954",Characters:,"Colonies are encrusting with or without short, irregularly shaped branches. Colonies seldom exceed one metre across. Axial corallites, if formed, are conspicuous. Radial corallites are mostly rasp-like but are of variable size and face different directions.",Colour:,Greenish- or pinkish-brown.,Habitat:,Reef flats exposed to strong wave action and lagoons.,Abundance:,Uncommon.
Acropora paniculata,"Verrill, 1902",Characters:,"Colonies are large plates or tables which are 25 millimetres thick and frequently over one metre across. Branchlets are short and compact. Axial and incipient axial corallites crowd the upper surface and are long, thin and tubular. Radial corallites are immersed on lower branchlets.",Colour:,"Cream, grey or blue.",Habitat:,Upper reef slopes.,Abundance:,Uncommon.
Acropora papillare,"Latypov, 1992",Characters:,Colonies are clumps of irregularly curved branches on thick encrusting bases. Axial corallites are small and thick walled. Radial corallites are of one size and have prominent lower lips giving a scale-like appearance.,Colour:,Brown or blue.,Habitat:,Shallow reef environments exposed to wave action.,Abundance:,Uncommon.
Acropora parahemprichii,"Veron, 2000",Characters:,"Colonies may be large (over 4 metres across) and form dense thickets of frequently dividing branches. Branches are 7-9 millimetres thick and slightly tapered. Axial corallites are prominent. Radial corallites are rounded, tubular and appressed except towards branch tips, and are arranged in rows.",Colour:,"Grey-brown, usually with pale yellow corallite tips.",Habitat:,Mid reef slopes exposed to strong currents.,Abundance:,Common.
Acropora parapharaonis,"Veron, 2000",Characters:,"Colonies are large horizontal corymbose plates, usually with well defined margins. Branches are closely compact and have short branchlets which are vertical at the colony centre and prostrate at the colony margins. Branchlets have indistinct multiple axial corallites. Radial corallites are appressed and compact, with rounded lips.",Colour:,Grey-brown or pinkish-brown.,Habitat:,Upper reef slopes.,Abundance:,Sometimes common and may be a dominant species.
Acropora parilis,"(Quelch, 1886)",Characters:,"Colonies are compact bushes with delicate upright branches forming thickets. Branches form at acute angles. Axial corallites are long and tubular. Radial corallites are tubular. They are long near branch tips, usually becoming shorter towards branch bases.",Colour:,Commonly cream or brown with pink or blue tips. Radial corallites and coenosteum are commonly have contrasting colours.,Habitat:,"Shallow protected reef environments, especially lagoons.",Abundance:,Uncommon.
Acropora pectinatus,"Veron, 2000",Characters:,"Colonies consist of dense thickets usually less than one metre across. Branches are short and cylindrical and divide at frequent intervals. Axial corallites are small, tubular and not exsert. Radial corallites are irregular on the sides of thicker branches, becoming uniform in size and shape towards branch tips. The latter are long and curved and are aligned in comb-like rows down branch sides.",Colour:,Pale brown with white branch tips.,Habitat:,Shallow reef flats and upper slopes.,Abundance:,Common.
Acropora pharaonis,"(Milne Edwards, 1860)",Characters:,"Colonies are large horizontal tables or irregular clusters of horizontal or upright interlinked contorted branches. Branches are pointed and have short branchlets which link main branches. Axial corallites are small and incipient axial corallites are abundant giving branches a spiky surface. Radial corallites are appressed, with nariform openings.",Colour:,"Grey-brown, usually with pale branch tips.",Habitat:,Sheltered reef slopes.,Abundance:,May be locally common.
Acropora pichoni,"Wallace, 1999",Characters:,Colonies may be up to one metre across and consist of wide flat horizontal branches. These may be very broad and laterally fused to form a perforated plate. Radial corallites are scattered over the upper surface and are mostly absent from the undersurface.,Colour:,"Tan, usually with pale branch ends.",Habitat:,Protected reef slopes below 30 metres.,Abundance:,"Common in the central Indian Ocean, uncommon elsewhere."
Acropora pinguis,"Wells, 1950",Characters:,Colonies may exceed 2 metres across. They have extensive encrusting bases with short thick tapered branches. Central branches of large colonies are conical; peripheral branches are irregularly prostrate. Radial corallites are small and mostly rasp-like.,Colour:,Greenish or pinkish grey or brown.,Habitat:,Reef flats exposed to strong wave action and lagoons.,Abundance:,Uncommon.
Acropora plana,"Nemenzo, 1967",Characters:,"Colonies are thick tables formed of irregularly fused horizontal branches and irregular upright branchlets. Axial and incipient axial corallites are very prominent and tubular in shape. They sometimes have no radial corallites, or radial corallites on one side only. Radial corallites are appressed.",Colour:,"Cream, blue (which may photograph purple) or pale brown.",Habitat:,Sheltered upper reef slopes.,Abundance:,Common.
Acropora plantaginea,"(Lamarck, 1816)",Characters:,"Colonies are small and caespitose or corymbose, forming compact bushes. Axial corallites are dome-shaped and short but conspicuous. Radial corallites are thick walled, short and mostly appressed but sometimes becoming elongate tubes on the sides of branches.",Colour:,"Yellow-brown, blue and pink.",Habitat:,Shallow reef environments.,Abundance:,"Uncommon, but very conspicuous."
Acropora plumosa,"Wallace and Wolstenholme, 1998",Characters:,"Colonies form horizontal tables of spectacular dimensions. Some colonies are irregularly shaped, mostly either due to breakage of the original colony or to the formation of irregular clusters of plates. Plates are side or centrally attached and are composed of radiating, irregularly dividing, interlinked main branches re-linked occasionally by sub-branches. Axial corallites are small and tubular. Radial corallites are widely spaced, tubular, and strongly appressed.",Colour:,Brown with pale branch tips.,Habitat:,Sheltered reef slopes.,Abundance:,Uncommon.
Acropora polystoma,"(Brook, 1891)",Characters:,"Colonies are irregular clumps or corymbose plates with tapered branches of similar length and shape. Axial corallites are small and exsert. Radial corallites are usually arranged in rows down branchlet sides. They are irregularly immersed to tubular, giving colonies a spiny appearance.",Colour:,"Cream, blue (which may photograph pink) or yellow.",Habitat:,Upper reef slopes exposed to strong wave action.,Abundance:,Uncommon.
Acropora prolifera,"(Lamarck, 1816)",Characters:,"Colonies are branching with compact, horizontally spread sub-branches occurring towards the extremities of main branches. Axial corallites are elongate. Radial corallites are tubular and irregular in length.",Colour:,Tan or pale brown with white branch tips.,Habitat:,Very shallow reef slopes and lagoon margins.,Abundance:,Common and may be a dominant species.
Acropora proximalis,"Veron, 2000",Characters:,Colonies branch irregularly forming compact thickets. Branches are fine (less than 3 mm diameter near tips) and mostly straight. They may be upright or prostrate. They may have no corallites on the undersurface. Axial corallites are small. Radial corallites are elongate and strongly appressed.,Colour:,Grey or brown.,Habitat:,Shallow reef environments.,Abundance:,Locally common in mainland Japan.
Acropora pruinosa,"(Brook, 1893)",Characters:,Colonies branch irregularly forming small compact thickets. Branches are typically contorted. Axial corallites are elongate and tubular. Radial corallites are strongly appressed and short except towards branch ends where they become elongate.,Colour:,"There are two colour morphs, greenish and brown.",Habitat:,Rocky foreshores in shallow turbid water.,Abundance:,Usually uncommon but may be a dominant species.
Acropora pulchra,"(Brook, 1891)",Characters:,"Colonies are arborescent with cylindrical branches but may be corymbose, with horizontally fused basal branches which have upturned ends. They may form stands more than 5 metres across. Branches are smaller than those of the large staghorn  species. Radial corallites are of mixed sizes, with projecting lower lips.",Colour:,"Pale to dark brown or blue, often with pale blue tips.",Habitat:,Usually restricted to shallow back-reef margins.,Abundance:,"Common in South Africa, uncommon elsewhere."
Acropora retusa,"(Dana, 1846)",Characters:,"Colonies are flat plates with short thick digitate branchlets. Corallites have thick rounded walls and wide openings. Axial corallites are indistinct. Radial corallites are appressed, becoming nariform near branch ends.",Colour:,Brown.,Habitat:,Upper reef slopes and tidal pools.,Abundance:,Common in the central Indo-Pacific.
Acropora robusta,"(Dana, 1846)",Characters:,Colonies are irregular in shape with encrusting bases and thick conical branches at the centre and with thinner prostrate branches with upturned ends at the periphery. Branches from the central and peripheral part of the same colony have completely dissimilar shapes. Radial corallites are of mixed sizes and shapes but are generally rasp-like.,Colour:,"Bright green with deep pink branch tips or pinkish-brown, yellow-brown or cream.",Habitat:,"Shallow reef environments, especially reef margins exposed to strong wave action.",Abundance:,Occasionally abundant.
Acropora rongelapensis,"Richards and Wallace, 2004",Characters:,"Colonies are small open-branching side attached plates with horizontally flattened branches. Axial corallites are exsert, 1.2-1.9 mm diameter. Incipient axial corallites are common; other radial corallites are immersed.",Colour:,Brown with white extremities.,Habitat:,Reef slopes.,Abundance:,Sometimes common.
Acropora rosaria,"(Dana, 1846)",Characters:,Colonies are upright bushes or cushion-like. Main branches have secondary and tertiary sub-branches. Axial corallites are conspicuous and dome-shaped but not elongate. Radial corallites are bead- or pocket-like. All corallites have thick walls.,Colour:,"Usually cream or brown, sometimes bright blue or pink.",Habitat:,Shallow reef environments.,Abundance:,Uncommon.
Acropora roseni,"Wallace, 1999",Characters:,"Colonies are prostrate and up to 2 metres across. Branches are mostly contorted and irregularly fused except towards the periphery of large colonies where they are relatively well defined and may have upturned ends. Branches from the central and peripheral parts of the same colony have dissimilar shapes. Axial corallites are only distinguishable on well defined peripheral branches. Elsewhere axial, incipient axial and radial corallites are a confusion of different shapes and sizes and face different directions. The coenosteum is coarse.",Colour:,Dull greenish-brown.,Habitat:,Upper reef slopes exposed to strong wave action.,Abundance:,Uncommon but conspicuous.
Acropora rudis,"(Rehberg, 1892)",Characters:,"Colonies are composed of large, tapered, prostrate branches. Axial corallites are dome-shaped with small openings. Radial corallites occur only on the upper surfaces of branches; lower surfaces are smooth. They are of mixed sizes, the smallest are immersed, the largest are bead-like, up to 4 millimetres diameter. All corallites have small openings. The coenosteum is smooth and dense, composed of fine spinules without elaborated tips.",Colour:,Uniform dark tan with pale branch tips.,Habitat:,Shallow to deep rocky foreshores.,Abundance:,Uncommon.
Acropora rufus,"Veron, 2000",Characters:,"Colonies have widely spaced, tapered upright branches with short side branches projecting almost perpendicularly. Axial corallites are dome-shaped and prominent. Incipient axial corallites occur irregularly and are long and tapered. These intergrade with radial corallites which are also widely spaced and tapered. All corallite openings are small and have weakly developed septa. The coenosteum is fine, giving branches a smooth appearance.",Colour:,Reddish-brown.,Habitat:,Shallow reef environments.,Abundance:,Uncommon.
Acropora russelli,"Wallace, 1994",Characters:,"Colonies have fine matted branches. Branches tend to be perpendicular to older branches although all branches are of similar thickness (approximately 5 mm). Axial and incipient axial corallites intergrade with radial corallites and are distinctively tubular, with truncated ends. Radial corallites project almost perpendicularly from branches and are tubular, uniform in shape and widely spaced.",Colour:,Brown with pale branch tips.,Habitat:,Sheltered reef slopes.,Abundance:,Usually uncommon.
Acropora samoensis,"(Brook, 1891)",Characters:,"Colonies are digitate, corymbose or prostrate, with curved branches which only slightly taper. Colonies may be over one metre across. Axial corallites are dome-shaped and more than twice the size of radial corallites. Radial corallites are of two sizes, thick walled, tubular, and only slightly increase in size down branches. Incipient axial corallites and branchlets develop towards the base of branches.",Colour:,"Usually purple, blue (which may photograph pink) or cream.",Habitat:,Upper reef slopes.,Abundance:,Common.
Acropora sarmentosa,"(Brook, 1892)",Characters:,"Colonies have prostrate main branches with bottlebrush-like secondary branching producing lobed or cushion-like colonies. Axial corallites are large and rounded. Radial corallites are short, with thick walls.",Colour:,Dull greenish-grey or brown with pale brown or orange branch tips.,Habitat:,Upper reef slopes and lagoons.,Abundance:,"May be locally common, otherwise rare."
Acropora schmitti,"Wells, 1950",Characters:,"Colonies are clumps of irregular branches. Axial corallites intergrade in size with radial corallites. Radial corallites are large, crowded and barrel-shaped.",Colour:,Pale brown or yellow.,Habitat:,Upper reef slopes and lagoons.,Abundance:,"Common in the Pacific, uncommon in the Indian Ocean."
Acropora secale,"(Studer, 1878)",Characters:,"Colonies are mostly caespitose bushes. Branches are tapered and up to 25 millimetres thick. Axial corallites are small and tubular. Radial corallites are of mixed sizes, sometimes alternating in vertical rows and are large and conspicuous, increasing in length down the sides of branches.",Colour:,"Colonies are colourful, usually mixtures of cream, blue, purple, brown and yellow, commonly with purple branch ends and cream corallites, a colour pattern shared with  and .",Habitat:,Shallow reef environments especially upper reef slopes and outer reef flats.,Abundance:,"Common in the Ryukyu Islands, Japan."
Acropora sekiseiensis,"Veron, 1990",Characters:,"Colonies have irregularly prostrate branches with short sub-branches and may form extensive thickets. Axial corallites are hardly distinguishable from radial corallites. Radial corallites are very elongate and tubular and are curved, with sharp edges. Many form incipient axial corallites giving branches a spiky surface.",Colour:,Brown.,Habitat:,Shallow lagoons and reefs.,Abundance:,Sometimes common.
Acropora selago,"(Studer, 1878)",Characters:,"Colonies are corymbose clumps, cushion-shaped or prostrate, depending on the length of branchlets. Branchlets are thin and delicate. Axial corallites are long and tubular. Radial corallites are scale-like, lightly structured and do not form a rosette.",Colour:,"Pale cream, brown, blue or pink. Tentacles are frequently extended during the day.",Habitat:,A wide variety of environments from exposed upper reef slopes to turbid lagoons.,Abundance:,Uncommon.
Acropora seriata,"(Ehrenberg, 1834)",Characters:,"Colonies are compact aggregations of fused upright branches, flat plates, or tiers of plates. Colonies exposed to wave action have extensive encrusting bases and may form solid plates several metres across. Upright branches develop on colonies in protected lagoons. Axial corallites and incipient axial corallites are small and similar. Radial corallites are thick walled, tubular and appressed, and usually have a wall on the outer side only.",Colour:,Uniform green or brown.,Habitat:,Shallow lagoons and foreshores exposed to wave action.,Abundance:,Uncommon.
Acropora simplex,"Wallace and Wolstenholme, 1998",Characters:,"Colonies are flat plates commonly over one metre across and consist of flattened branches that are either radiating or irregular. Axial and incipient axial corallites are long and tubular. Radial corallites are widely spaced, irregular in size and shape and face different directions. They are scattered evenly over branch surfaces.",Colour:,"Tan, usually with pale branch ends.",Habitat:,Deep steep slopes.,Abundance:,Unknown.
Acropora sirikitiae,"Wallace, Phongsuwan and Muir, 2012",Characters:,"Colonies are irreguarly arborescent with twisted and tapered branches. Axial corallites are distinct, radial corallites are compact and strongly appressed.",Colour:,Brown.,Habitat:,Reef slopes.,Abundance:,"Common at subtropical locations, rare elsewhere."
Acropora solitaryensis,"Veron and Wallace, 1984",Characters:,"Colonies consist of flat, highly fused, basal branches with irregular upright branchlets. Colonies may be over 2 metres across and can sometimes form a single solid plate. Axial corallites are tubular and distinct. Radial corallites are immersed on older parts of colonies, becoming tubular with nariform openings on peripheral parts.",Colour:,Dark brown or green.,Habitat:,Shallow reef environments and rocky foreshores in subtropical locations.,Abundance:,Common.
Acropora spathulata,"(Brook, 1891)",Characters:,"Colonies are corymbose cushions, with short, thick, uniform branches. Axial corallites are distinctive; they are tubular in shape. Radial corallites are closely compacted and all the same size. They have prominent lower lips giving a scale-like appearance.",Colour:,"Commonly green with orange tips.  Also may be a distinctive bright salmon pink, pale green or blue (which may photograph purple underwater).",Habitat:,"Shallow water, usually reef flats, but also lagoons and upper reef slopes.",Abundance:,Usually uncommon but conspicuous.
Acropora speciosa,"(Quelch, 1886)",Characters:,"Colonies form thick cushions and bottlebrush branches. Axial and incipient axial corallites are large and elongate and only slightly taper. Radial corallites intergrade with axial corallites, but most are small, appressed and tubular or pocket-like.",Colour:,Usually cream with delicately coloured corallite tips.,Habitat:,Protected reef environments with clear water and a high  diversity.,Abundance:,"Common at the Houtman Abrolhos Islands, south-west Australia, uncommon elsewhere."
Acropora spicifera,"(Dana, 1846)",Characters:,"Colonies are wide, flat, tiered plates and tables which commonly have lobed margins. Branches are outward projecting at the colony margins, but curved, tapered, and upward projecting elsewhere. Axial corallites are distinctive, radial corallites are immersed and have a rosette arrangement.",Colour:,"Grey or green, with a broad white border to plates.",Habitat:,Reef slopes.,Abundance:,Rare.
Acropora squamata,"Latypov, 1992",Characters:,"Colonies are corymbose with short thick branches. Axial, incipiant axial and radial corallites are hardly differentiated. Fully axial corallites are tubular, fully radial corallites strongly dimidiate. Walls are thick.",Colour:,Brown with light branch tips.,Habitat:,Reef environments.,Abundance:,Common.
Acropora squarrosa,"(Ehrenberg, 1834)",Characters:,"Colonies are usually upright bushes with short compact branches. Axial corallites are large and dome-shaped, with thick walls. Radial corallites have a wide range of sizes but are identical to axial corallites in shape and appearance. All corallites are smooth and rounded and have small openings. The coenosteum is smooth.",Colour:,"Cream or pale brown. Corallite centres are a distinct blue or pink, depending on depth.",Habitat:,Upper reef slopes.,Abundance:,"Common at the Houtman Abrolhos Islands, south-western Australia, uncommon elsewhere."
Acropora stoddarti,"Pillai and Scheer, 1976",Characters:,"Colonies consist of fused, flattened basal branches, forming extensive horizontal plates commonly over 2 metres across. The oldest parts of colonies are frequently fused into a solid plate. Corallites are widely spaced and mostly immersed, becoming nariform and sharp edged towards branch tips.",Colour:,Brown or green with pale margins.,Habitat:,Reef slopes.,Abundance:,"May be locally dominant in Japan, rare elsewhere."
Acropora striata,"(Verrill, 1866)",Characters:,Colonies consist of dense thickets of short cylindrical branches which may form extensive stands. Axial corallites are small. Radial corallites are irregular in size and shape; exsert corallites have prominent lower lips.,Colour:,Greyish-brown with white branch tips and white branch coenosteum. This colouration is only very distinctive in Japan.,Habitat:,"Shallow reef slopes, submerged reef flats and shallow rocky foreshores.",Abundance:,Sometimes common.
Acropora subglabra,"(Brook, 1891)",Characters:,"Colonies form thickets of intertwining bottlebrush branches, often with only the distal 200 millimetres being alive. Branches divide irregularly and at frequent intervals to give a bushy colony shape. Axial and incipient axial corallites are tubular and tapered. Radial corallites are short and appressed.",Colour:,"Pale brown, often with yellow branchlet tips.",Habitat:,Usually restricted to protected back reefs with clear water and soft substrates.,Abundance:,Common in shallow water.
Acropora subulata,"(Dana, 1846)",Characters:,"Colonies are large circular tables or clumps often over 2 metres across, with a fine structure consisting of a network of horizontal branches and fine, evenly spaced branchlets. Small colonies are usually cushion-shaped. Axial corallites are tubular with rounded margins. Radial corallites are appressed with flaring lips.",Colour:,"Usually pale grey or brown, sometimes bright blue (which may photograph purple), purple or green. Corallite lips may be a contrasting colour.",Habitat:,"Shallow reef slopes with a high Acropora diversity, but protected from strong wave action.",Abundance:,Uncommon.
Acropora suharsonoi,"Wallace, 1994",Characters:,Colonies are thickets or corymbose clumps with branches consisting primarily of extremely long tapered axial corallites. Incipient axial corallites forming branchlets occur at the base of the main axial corallites.,Colour:,Grey.,Habitat:,Lower reef slopes.,Abundance:,"Sometimes common, especially in the western Indian Ocean."
Acropora sukarnoi,"Wallace, 1997",Characters:,"Colonies are primarily composed of highly fused horizontal branches. These may form tables over 3 metres across or plates with a side attachment. Central parts of colonies may be almost solid. Most colonies, especially peripheral parts, are open branched. There may be few, if any, upturned branches. Corallites are irregular in length and tubular to rasp-like.",Colour:,Usually grey.,Habitat:,Shallow reef environments exposed to strong wave action.,Abundance:,Rare.
Acropora tanegashimensis,"Veron, 1990",Characters:,"Colonies consist of interlocking horizontal branches 9-11 millimetres thick, forming solid or nearly solid plates. Branchlets are short and thick. Axial corallites are hardly distinguishable. Radial corallites are crowded, cup-shaped and form rosettes.",Colour:,Brown or greenish-brown.,Habitat:,Shallow rocky foreshores exposed to wave action.,Abundance:,May be locally common.
Acropora tenella,"(Brook, 1892)",Characters:,"Colonies are horizontal plates consisting of flattened branches which usually diverge fan-wise but which may form an irregular tangle. Branches usually have a central ridge which may be broad. There is little fusion of branches. Axial, incipient axial and radial corallites are distinct and numerous. Radial corallites occur laterally on old branches, but otherwise are scattered over  branch surfaces.",Colour:,Cream with white or blue branch ends.,Habitat:,Lower reef slopes below 40 metres.,Abundance:,"Common in the western Pacific and Red Sea, uncommon elsewhere."
Acropora tenuis,"(Dana, 1846)",Characters:,"Colonies are corymbose clumps, usually with neat evenly spaced delicate branchlets, but branchlets may be irregular and prostrate. Axial corallites are distinct and tubular. Radial corallites are arranged in a neat rosette and have slightly flaring lips.",Colour:,"Yellow, cream, green or blue. Colours may be bright with distinctively coloured corallite lips.",Habitat:,Upper reef slopes.,Abundance:,Rare.
Acropora teres,"(Verrill, 1866)",Characters:,"Colonies are arborescent, composed of twisted branches which subdivide infrequently. They may form extensive compact stands. Axial corallites are small. Radial corallites are small and immersed, with circular outward facing openings. The coenosteum is coarse.",Colour:,White.,Habitat:,Shallow reef slopes and lagoons.,Abundance:,Sometimes common in Vietnam.
Acropora tizardi,"(Brook, 1892)",Characters:,"Colonies are caespitose, composed of thin branches which interlock in three dimensions. Axial corallites are tubular. Radial corallites vary in shape along branches, but are primarily tubular with nariform openings.",Colour:,Pale brown or cream.,Habitat:,Reef slopes.,Abundance:,Usually rare.
Acropora torihalimeda,"Wallace, 1994",Characters:,"Colonies are clumps of irregular fine upright or prostrate branches. These consist of little more than elongate axial corallites with widely spaced radial corallites. The undersurface of prostrate branches are usually devoid of corallites. Radial corallites are variable in size, but are mostly pocket-like, short and appressed, with nariform openings.",Colour:,Pale brown branches with darker radial corallites and sometimes coloured axial corallites.,Habitat:,Associated with  banks at over 20 metres depth.,Abundance:,Rare.
Acropora torresiana,"Veron, 2000",Characters:,"Colonies are digitate. Branches are of uniform thickness and straight or slightly curved. Sub-branches are mostly formed near the base of main branches. Axial corallites are well defined and dome-shaped. Radial corallites are short and tubular, of uniform size and are usually aligned in rows down the sides of branches.",Colour:,Pale brown with white corallite openings.,Habitat:,Exposed upper reef slopes and flats.,Abundance:,"Common at Elizabeth and Middleton Reefs of south-east Australia, rare elsewhere."
Acropora tortuosa,"(Dana, 1846)",Characters:,"Colonies consist of prostrate or upright, tapered branches which have many branchlets and incipient axial corallites. Corallites are immersed to long and tubular, giving branches a rough, irregular appearance. Tentacles are not extended during the day.",Colour:,Deep blue (which may photograph mauve) or brown.,Habitat:,Lagoons.,Abundance:,Locally common.
Acropora tumida,"(Verrill, 1866)",Characters:,"Colonies have irregular to submassive bases and irregular branches and may form thickets over 3 metres across. Axial corallites are small. Radial corallites may be aligned along branches, and are appressed with thick lips and wide openings.",Colour:,Mottled yellowish-grey and dark green.,Habitat:,Rocky foreshores in shallow turbid water.,Abundance:,Uncommon.
Acropora turaki,"Wallace, 1994",Characters:,"Colonies are subarborescent with bottlebrush branches with upright main branches form clumps. Axial, incipient axial and radial corallites all intergrade. Axial corallites are long and tubular while the smallest radial corallites are pocket-like. All corallites have thick walls with round openings.",Colour:,Uniform pale to dark brown.,Habitat:,Shallow reef environments.,Abundance:,Common in Indonesia.
Acropora tutuilensis,"Hoffmeister, 1925",Characters:,"Colonies are plate-like, with robust horizontal flat radiating branches. Branches may be highly fused towards the colony centre or may form tiers of dissected plates. Axial corallites are distinctive and may form rows along colony margins. Radial corallites are commonly of two sizes, the larger being tubular, the smaller being pocket-shaped and at the base of larger corallites.",Colour:,Grey-brown with white margins.,Habitat:,"Shallow reef environments, especially where exposed to strong currents.",Abundance:,Common.
Acropora valenciennesi,"(Milne Edwards, 1860)",Characters:,"Colonies may be over 2 metres across and composed of fused cylindrical horizontal branches with upturned pointed ends. Colonies usually have a side attachment. Branches are widely spaced, equidistant and uniform in shape. Radial corallites are uniform, tubular, and neatly aligned along branches.",Colour:,"Mixtures of brown, blue and green with pale branch ends.",Habitat:,Upper and lower reef slopes protected from wave action and inter-reef channels.,Abundance:,Sometimes common.
Acropora valida,"(Dana, 1846)",Characters:,"Colonies have a wide range of forms from compact bushes to tables. They seldom exceed 0.5 metres across. Axial corallites are small. Radial corallites are usually a mixture of sizes and are strongly appressed and swollen, with small openings.",Colour:,"Cream, brown or yellow, sometimes brown with purple branch tips and cream radial corallites, a colour commonly shared by  and .",Habitat:,A wide range of reef environments and rocky foreshores.,Abundance:,Uncommon.
Acropora variabilis,"(Klunzinger, 1879)",Characters:,Colonies form compact irregular or digitate bushes to corymbose plates. Axial corallites are small. Radial corallites are an irregular mixture of sizes from immersed to long and appressed with slightly nariform openings. Colonies have a spikey appearance.,Colour:,Dark proximal parts of branches and paler distal parts.,Habitat:,Shallow reef environments.,Abundance:,Uncommon.
Acropora variolosa,"(Klunzinger, 1879)",Characters:,"Colonies consist of open thickets of sturdy tapered upright branches. Axial corallites are moderately large and tubular to dome-shaped. Radial corallites are of mixed sizes, the largest being tubular and exsert, with thick walls and small openings. The coenosteum is fine.",Colour:,Brown-purple with pale tips.,Habitat:,Shallow reef environments.,Abundance:,Uncommon.
Acropora vaughani,"Wells, 1954",Characters:,"Colonies are usually open branched, becoming bushy on upper reef slopes and in shallow lagoons. Main branches may have compact branchlets giving colonies a bushy appearance. Incipient axial corallites may be abundant. Radial corallites are widely spaced and vary in length. The coenosteum is fine, giving branches a smooth appearance, visible underwater.",Colour:,"Uniform blue (which may photograph pink), cream or pale brown.",Habitat:,Turbid water around fringing reefs.,Abundance:,"Common, especially in the western Indian Ocean."
Acropora vermiculata,"Nemenzo, 1967",Characters:,"Colonies are corymbose clumps or cushions, with cushions occurring either singly or in groups. Main branches are irregular or composed of branchlets. Branchlets are of uniform length and spacing. Axial corallites are short and tubular. Radial corallites are arranged in a neat rosette and are rasp-like.",Colour:,Always a uniform grey-brown.,Habitat:,Upper reef slopes.,Abundance:,"Common, especially in the western Indian Ocean."
Acropora verweyi,"Veron and Wallace, 1984",Characters:,"Colonies form perforated plates with short branches, or are cushion-shaped, or form extensive corymbose bushes. Branches are 7-9 millimetres thick, do not taper and have short branchlets towards their bases. Axial corallites and incipient axial corallites are prominent. Radial corallites are rounded, bead-like and appressed, and approximately arranged in rows.",Colour:,Almost always a uniform creamy-brown with yellow axial corallites.,Habitat:,"Upper reef slopes, especially those exposed to wave action or currents.",Abundance:,Rare.
Acropora walindii,"Wallace, 1999",Characters:,Colonies may be up to one metre across and consist of prostrate or irregular fine branches. Larger colonies have distinct orders of branches and sub-branches. Branches do not fuse. Axial corallites are distinct on all orders of sub-branches. Radial corallites are widely spaced and scattered over the whole branch surface. They  are appressed and tubular.,Colour:,"Tan, usually with pale branch ends.",Habitat:,Protected reef slopes.,Abundance:,Uncommon.
Acropora wallaceae,"Veron, 1990",Characters:,"Colonies usually have tall open branches which do not fuse. Upright branches have many nearly perpendicular sub-branches which have a third and sometimes a fourth generation of smaller branches. The size of sub-branches decreases in sequence from the base to the tips of main branches. Axial corallites are large and dome-shaped. Radial corallites are mostly immersed on lower branches, becoming uniform and tubular on upper branches. They are often of two sizes.",Colour:,"Brown or cream, sometimes with yellowish radial corallites.",Habitat:,Shallow reef environments.,Abundance:,"Common in Western Australia, rarely common elsewhere."
Acropora willisae,"Veron and Wallace, 1984",Characters:,"Colonies are corymbose plates up to approximately one metre across, with short, uniform, evenly spaced, non-tapered branchlets bearing numerous axial corallites. There is usually more than one axial corallite per branchlet. Radial corallites near branchlet tips are tubular and appressed.",Colour:,"Grey, cream, blue (which may photograph pink) or brown.",Habitat:,A wide range of environments from lower reef slopes to lagoons.,Abundance:,Common.
Acropora yongei,"Veron and Wallace, 1984",Characters:,"Colonies consist of dense thickets of short cylindrical or tapered branches. They are frequently over 2 metres across and may form extensive single species stands. Axial corallites are exsert and tubular. Radial corallites are uniform in size and tubular, with flaring lower lips.",Colour:,"Uniform cream, yellow or pale brown.",Habitat:,Shallow reef environments and rocky foreshores.,Abundance:,Common.
Agaricia agaricites,"(Linnaeus, 1758)",Characters:,Colonies are encrusting or submassive or form a complex of horizontal plates and large irregularly dividing upright bifacial fronds. Corallites are in deep valleys which are concentric on plates and generally less than 50 millimetres long.,Colour:,"Tan, brown or yellow-brown.",Habitat:,Shallow reef environments.,Abundance:,Generally uncommon.
Agaricia fragilis,"Dana, 1846",Characters:,"Colonies form flat unifacial explanate plates with corallites in long, roughly concentric valleys. Valleys are closely (2-4 mm) spaced. Corallites are small, close together (5-8 per cm) and face upwards. Columellae are weakly developed.",Colour:,"Grey, grey-brown or green.",Habitat:,Sheltered reef environments.,Abundance:,Uncommon.
Agaricia grahamae,"Wells, 1973",Characters:,"Colonies form flat unifacial explanate plates which are commonly arranged in whorls. Corallites are at the bottom of long, roughly concentric V-shaped valleys. Centres are widely spaced (3-5 per cm). Septa are thick, do not alternate, and most reach the corallite centre.",Colour:,"Tan or grey, usually with pale margins.",Habitat:,Shallow reef environments.,Abundance:,Uncommon.
Agaricia humilis,"Verrill, 1901",Characters:,"Colonies are encrusting to submassive. Corallites are deep, monocentric or with 2-3 centres together. Centres are separated by collines of irregular height and which run in irregular directions. Long and short septo-costae clearly alternate.",Colour:,"Uniform tan or mottled yellow-brown, sometimes with green mouths.",Habitat:,Most reef environments except shallow lagoons.,Abundance:,Common.
Agaricia lamarcki,"Milne Edwards and Haime, 1851",Characters:,"Colonies form flat, unifacial, explanate or encrusting plates, commonly arranged in whorls. Corallites are in concentric valleys. Centres are widely spaced (3-5 per cm). Long and short septo-costae clearly alternate.",Colour:,"Rust brown, usually with pale margins. Mouths are white and star-shaped, a useful identification aid.",Habitat:,Shallow reef environments.,Abundance:,Common.
Agaricia tenuifolia,"Dana, 1846",Characters:,"Colonies form a complex of thin upright bifacial fronds which have thin margins. They are usually contorted, elongate, and divide irregularly. Corallites are in valleys which are generally concentric and less than 50 millimetres long.",Colour:,"Brown, greenish or rust, sometimes with pale margins of septo-costae and sometimes with orange tentacles.",Habitat:,Shallow reef environments.,Abundance:,"Uncommon, rare in Brazil."
Agaricia undata,"(Ellis and Solander, 1786)",Characters:,"Colonies form flat or upright unifacial explanate plates with corallites in long, roughly concentric valleys. Valleys are usually widely (6-7 mm) spaced, flat-bottomed and indistinct. Corallites are small and close together (5-8 per cm) and on the outward facing edge of valley walls (collines). Columellae are well developed.",Colour:,"Usually dark yellow, green or brown.",Habitat:,Shallow reef environments.,Abundance:,Usually uncommon.
Alveopora allingi,"Hoffmeister, 1925",Characters:,"Colonies are encrusting or have short irregular lobes with rounded surfaces, or are columnar. Corallites have walls composed of interconnected rods and spines and long spine-like septa. Columellae are usually present and are sometimes well developed. Polyps are tightly compacted and are long, usually with slightly expanded tentacle tips.",Colour:,"Usually yellow, green or brown with white oral cones.",Habitat:,Protected reef environments.,Abundance:,Uncommon but conspicuous.
Alveopora catalai,"Wells, 1968",Characters:,"Colonies are composed of gnarled branches that divide irregularly. They may form stands over 5 metres across. Corallites are large, composed of an interlocking network of rods and spines. Polyps are large with swollen tentacle tips.",Colour:,"Pale tan when polyps are retracted. Extended polyps are amber or yellowish with white oral discs, sometimes with white tentacle tips.",Habitat:,Occurs only on soft substrates in deep water or in shallow turbid water protected from wave action and currents.,Abundance:,Relatively common in the western Indian Ocean.
Alveopora daedalea,"(Forskål, 1775)",Characters:,"Colonies are encrusting, thick plates, or columnar. They have a smooth surface and may be large, with columns up to one metre high. Corallites may have alternating long and short fine septal spines. Tips of polyp tentacles are truncated giving a squared appearance. Sometimes six large tentacles alternate with six small tentacles.",Colour:,Uniform pale or dark brown.,Habitat:,Protected upper reef slopes.,Abundance:,Uncommon.
Alveopora excelsa,"Verrill, 1864",Characters:,"Colonies are submassive and usually lobed. They may be over 2 metres across. Corallites have irregular spiny walls. Polyps are often retracted during the day, but are elongate when extended giving colonies a mop-like appearance.",Colour:,"Grey or pinkish brown when polyps are retracted, brown when polyps are extended.",Habitat:,Exposed reef slopes.,Abundance:,Uncommon.
Alveopora fenestrata,"(Lamarck, 1816)",Characters:,"Colonies are generally hemispherical with the surface sometimes divided into lobes. Corallites have walls composed of compacted rods and spines. Septa are composed of tapered spines which are connected low in the corallite. Polyps are long, with long tapered tentacles giving a ragged appearance.",Colour:,"Grey or greenish-brown, sometimes with white oral cones.",Habitat:,Shallow reef environments.,Abundance:,"Common and conspicuous at the Houtman Abrolhos Islands, south-west Australia, uncommon elsewhere."
Alveopora gigas,"Veron, 1985",Characters:,"Colonies are composed of blunt-ended irregular columns. Corallites have thin, highly perforated walls of interconnected rods and spines. Polyps are up to 100 millimetres long and 20 millimetres diameter when fully extended.",Colour:,"Oral discs and tentacle tips are white, the rest of the polyps are brown or greenish-brown.",Habitat:,Protected turbid environments.,Abundance:,Uncommon.
Alveopora japonica,"Eguchi, 1968",Characters:,Colonies are small (less than 40 mm across) and hemispherical or encrusting. Septa have long and short fine spines which seldom connect. Tips of tentacles are knob-like.,Colour:,Distinctive dark green with a white stripe on the top of tentacle tips.,Habitat:,"Found only in shallow, partly wave washed rocky foreshores nested among algae and soft corals.",Abundance:,Rare.
Alveopora marionensis,"Veron and Pichon, 1982",Characters:,Colonies are composed of short irregular lobes. Corallites have walls formed from compacted rods and spines. Septa are composed of tapered spines which are only connected low down in the corallite. Polyps have short tapered tentacles.,Colour:,"Uniform grey, brown or pinkish, sometimes with white tentacle tips.",Habitat:,Found only in environments with moderate wave action.,Abundance:,Rare.
Alveopora minuta,"Veron, 2000",Characters:,Colonies are composed of short irregularly dividing knob-like branches. Corallites have no septa or one or two septa reduced to a single spine. A palisade of vertical spines occurs above the wall. Corallites are as small as many species of  (approximately 1 mm diameter) although this species always looks -like underwater.,Colour:,Greenish-brown.,Habitat:,Rocky surfaces exposed to currents.,Abundance:,Rare.
Alveopora ocellata,"Wells, 1954",Characters:,"Colonies are flat plates. Corallites are circular, with neat well defined walls. Septa are in two unequal cycles.",Colour:,Dull brown.,Habitat:,Lower reef slopes protected from wave action.,Abundance:,Usually uncommon.
Alveopora spongiosa,"Dana, 1846",Characters:,"Colonies are generally encrusting or form solid plates, occasionally becoming submassive. They have a flat or irregular surface and may be over 2 metres across. Corallites have long or short fine septal spines which seldom connect. Tips of polyp tentacles may be pointed or knob-like. Sometimes six large tentacles alternate with six small tentacles.",Colour:,"Usually uniform pale or dark brown, rarely green or other colours. Polyps sometimes have white tentacle tips.",Habitat:,Protected upper reef slopes.,Abundance:,Usually uncommon.
Alveopora tizardi,"Bassett-Smith, 1890",Characters:,Colonies are submassive. Corallites usually have regularly tapered sometimes elongate septal spines. Polyps are short with knob-like tentacle tips.,Colour:,"Pale pinkish-brown to bright pink, sometimes with grey oral discs and white tentacle tips.",Habitat:,Shallow reef environments.,Abundance:,Uncommon.
Alveopora verrilliana,"Dana, 1872",Characters:,Colonies are composed of short irregularly dividing knob-like branches. Corallites have short blunt septal spines and a prominent palisade of vertical spines above the wall. Polyps are long when extended.,Colour:,"Dark greenish-brown, grey or chocolate, sometimes with white oral cones and/or tentacle tips.",Habitat:,Shallow reef environments.,Abundance:,Rare.
Alveopora viridis,"Quoy and Gaimard, 1833",Characters:,"Colonies are submassive, sometimes forming columns. Corallites are as small as many species of . Septal spines are of two lengths.",Colour:,Grey-brown or greenish-brown.,Habitat:,Lower reef slopes protected from wave action.,Abundance:,"Uncommon, but more abundant than other  ."
Anacropora forbesi,"Ridley, 1884",Characters:,"Branches are evenly spaced, less than 10 millimetres thick and tapered, with blunt tips. Corallites have slightly prominent lower lips. The coenosteum is smooth.",Colour:,Pale brown with white branch tips.,Habitat:,"Shallow, usually turbid reef environments and deep water soft substrates. Sometimes also found on exposed upper reef slopes.",Abundance:,Usually rare.
Anacropora matthaii,"Pillai, 1973",Characters:,"Colonies sprawl over the substrate and have dead bases so that they fall apart if disturbed. Branches are less than 5 millimetres thick, are generally straight and do not taper. Corallites are tubular and project up to 1.5 millimetres. Tentacles may be extended day and night.",Colour:,Brown with pale brown or cream branch tips.,Habitat:,May cover extensive areas on horizontal muddy substrates with clear water.,Abundance:,Locally common.
Anacropora pillai,"Veron, 2000",Characters:,"Colonies sprawl over the substrate and have dead bases so that they fall apart if disturbed. This is the smallest , with most branches less than 3 millimetres thick. They are always contorted and tapered. Sometimes they are irregularly fused. Sub-branches form by equal division. Corallites are conical and project up to 1.5 millimetres from the branch surface. Corallites seldom form spines.",Colour:,Cream or pale blue.,Habitat:,"May cover extensive areas on lower reef slopes, especially in turbid water.",Abundance:,Uncommon.
Anacropora puertogalerae,"Nemenzo, 1964",Characters:,"Branches are compact, less than 13 millimetres thick and tapering to a point. Corallites are widely spaced. The lower lip of corallites is commonly spine-like.",Colour:,"Pale brown, sometimes with white branch tips.",Habitat:,Shallow reef environments.,Abundance:,Rare.
Anacropora reticulata,"Veron and Wallace, 1984",Characters:,"Branches are widely spaced, up to 14 millimetres thick and tapered, with blunt tips. The coenosteum is composed of fine rows of fused spinules (visible underwater) forming a reticulate pattern. Corallites have a prominent lower lip and may be aligned in rows down branches.",Colour:,Pale brown.,Habitat:,Shallow reef environments.,Abundance:,Usually uncommon.
Anacropora spinosa,"Rehberg, 1892",Characters:,"Branches are compact, contorted, less than 10 millimetres thick and tapering to a point. Spines project below corallites. Corallites are elongate, crowded, irregular, and are usually not strongly tapered.",Colour:,"Pale brown, sometimes with white branch tips.",Habitat:,Shallow reef environments.,Abundance:,Uncommon.
Anacropora spumosa,"Veron, Turak and DeVantier, 2000",Characters:,"Branches are widely spaced, up to 16 millimetres thick and tapered, with blunt tips. The coenosteum is very coarse (visible underwater) and uniform, without forming a pattern. Corallites have a slightly protuberant lower lip and are irregularly arranged.",Colour:,Pale brown with pale branch tips.,Habitat:,Shallow reef environments.,Abundance:,"Common in south-east Africa, uncommon elsewhere."
Anomastraea irregularis,"von Marenzeller, 1901",Characters:,"Colonies are flat or submassive, often with a conical shape. Corallites are submeandroid to cerioid. Walls are thin and septa have irregularly fused margins. Septa are widely spaced and uniform, giving the colony surface a neat appearance. Tentacles are usually at least partly extended during the day.",Colour:,Bluish-grey or cream. Polyps are dark brown.,Habitat:,Turbid environments at the base of reefs and in intertidal pools.,Abundance:,Uncommon.
Astrangia poculata,"(Ellis and Solander, 1786)",Characters:,"Colonies are encrusting, submassive or branching. Colonies are both zooxanthellate and azooxanthellate, depending primarily on light conditions. Corallites are tightly compacted, mostly circular and up to 10 millimetres diameter. Corallite walls are well defined. Septal margins are beaded. Columellae are well developed.",Colour:,"Translucent to brown, depending on the presence of zooxanthellae.",Habitat:,Rocky shores and jetty pilings. Tolerant of a wide range of temperatures.,Abundance:,Uncommon.
Astrea annuligera,"Milne Edwards and Haime, 1849",Characters:,"Colonies are irregularly submassive or encrusting. Corallites are circular. Septa taper from the wall to the columella and are in three cycles; those of the primary cycle are usually exsert, widely spaced, and have well developed paliform lobes. Most colonies have at least some development of ‘groove and tubercle’ structures.",Colour:,"Mottled or uniform green and brown, with darker calices.",Habitat:,Protected reef backs and lagoons.,Abundance:,Common.
Astrea curta,"Dana, 1846",Characters:,"Colonies are spherical, columnar or flattened. Corallites are circular and widely spaced to closely compacted. The width of calices varies greatly, this variation mostly occurring between, rather than within, colonies. Long and short septa alternate. Small paliform lobes are usually developed.",Colour:,"Cream or orange on reef flats, often with colours concentric to the oral discs. Usually dark brown when in shaded habitats.",Habitat:,"Shallow environments, especially reef flats.",Abundance:,Seldom common.
Astrea rotulosa,"(Ellis and Solander, 1786)",Characters:,"Colonies are smooth massive boulders up to 1.5 metres across. Corallites are uniform, 3-5 millimetres diameter with well defined walls. Septa are in two distinct orders of 6-8 and are exsert. Paliform lobes are inconspicuous. Columellae are small.",Colour:,"Red to orange, usually with green centres.",Habitat:,Shallow reef environments.,Abundance:,Rare.
Astreopora acroporina,"Wallace, Turak and DeVantier, 2011",Characters:,Colonies consist of irregular banches with axial corallites and incipient axial corallites. Axial corallites extend the length of branches. The coenosteum is covered with small spinules.,Colour:,Pale brown-grey with cream openings of corallites.,Habitat:,Sandy reef flats and upper slopes.,Abundance:,Uncommon.
Astreopora cenderawasih,"Wallace, Turak and DeVantier, 2011",Characters:,Colonies are up to 1 m diameter and consist of a combination of vertical branches and small plates all stemming from a thick basal plate. Corallites are immersed to tubular with rounded or oval openings 1.7-2.2 mm diameter. Primary septa may form a simple columella. The coenosteum is covered with highly elaborated spinules.,Colour:,Pale to dark brown and purple-grey.,Habitat:,Sandy reef flats and upper slopes.,Abundance:,Rare.
Astreopora cucullata,"Lamberts, 1980",Characters:,"Colonies are thick or encrusting plates, sometimes with short rootlets. Corallites are irregular, immersed on concave surfaces, exsert on convex surfaces. They are mostly inclined and often have elliptical openings. Papillae around the corallites have a feathery appearance and may form a hood over the openings.",Colour:,Cream or pale-brown.,Habitat:,Shallow reef environments.,Abundance:,Usually uncommon but conspicuous.
Astreopora expansa,"Brüggemann, 1877",Characters:,Colonies are flat bifacial plates arranged in tiers or whorls. Corallites are mostly inclined on the colony surface. Coenosteum papillae are fine.,Colour:,"Brown, pink or dark green, usually with pale margins.",Habitat:,Shallow reef environments.,Abundance:,Sometimes common.
Astreopora gracilis,"Bernard, 1896",Characters:,"Colonies are hemispherical to encrusting. Corallites are immersed to conical or tubular, usually face different directions and are of mixed sizes, giving a somewhat irregular appearance. The coenosteum is covered with papillae that are inclined on the surface. Development of papillae is variable.",Colour:,"Pale cream, green or brown.",Habitat:,"A wide range of environments, especially in shallow turbid water.",Abundance:,Rare in the tropics but sometimes common in subtropical Japan.
Astreopora incrustans,"Bernard, 1896",Characters:,"Colonies are flat, encrusting and commonly over one metre across. They are irregularly shaped, sometimes forming short columns and tubes. The coenosteum is coarse.",Colour:,"Dark green, brown or grey.",Habitat:,"Rocky foreshores, in shallow water.",Abundance:,Usually uncommon.
Astreopora listeri,"Bernard, 1896",Characters:,"Colonies are hemispherical to encrusting. Corallites are immersed and sometimes moderately crowded, with  rounded openings surrounded by feathery spinules giving the colony surface a spiny appearance. Coenosteum papillae are fine.",Colour:,"Cream, grey or brown.",Habitat:,"A wide range of environments, especially in shallow turbid water.",Abundance:,Unknown.
Astreopora longiseptata,"Latypov, 2006",Characters:,"As far as is known, colonies are massive. Corallites are widely spaced, immersed to slightly exsert, 1.8-2 mm diameter. Septa are in three distinct cycles, the first cycle plunging steeply to meet a columella deep within the corallite. The coenosteum has widely spaced elaborated spinules.",Colour:,Unknown.,Habitat:,Unknown.,Abundance:,Uncommon.
Astreopora macrostoma,"Veron and Wallace, 1984",Characters:,"Colonies are generally submassive, usually with irregular upper surfaces and sometimes with short rootlets on lower surfaces. Corallites are large and irregularly but widely spaced, either immersed or curved, and face different directions.",Colour:,Yellow-brown or blue (which may photograph purple).,Habitat:,Shallow reef environments.,Abundance:,Rare.
Astreopora montiporina,"Wallace, Turak and DeVantier, 2011",Characters:,"Colonies are up to 2 m diameter and consist of thin irreguar unifacial plates. Corallites are widely spaced, 1.2-1.7 mm diameter, immersed or sub-immersed. Primary septa may form a small pseudo-columella. The coenosteum is flakey with evenly distributed elaborated spinules.",Colour:,"Pale green, brown or grey.",Habitat:,Mid to lower reef slopes.,Abundance:,Rare in the tropics but common in subtropical localities of eastern Australia.
Astreopora moretonensis,"Veron and Wallace, 1984",Characters:,"Colonies are laminar or encrusting, sometimes with irregular tubes or columns on the upper surface and rootlets on the lower surface. Corallites are mostly immersed but may be conical on convex surfaces. The coenosteum is smooth.",Colour:,Cream or brown.,Habitat:,"Rocky foreshores, in shallow water.",Abundance:,By far the most common .
Astreopora myriophthalma,"(Lamarck, 1816)",Characters:,"Colonies are hemispherical, with an even surface. Corallites are evenly spaced and conical with rounded, upright or outwardly directed openings. The coenosteum has outwardly directed papillae.",Colour:,"Cream, brownish blue or yellow, sometimes mottled.",Habitat:,Most reef habitats except very turbid water.,Abundance:,Usually rare.
Astreopora ocellata,"Bernard, 1896",Characters:,"Colonies are dome-shaped or flat. Corallites are compact and large, with wide openings. Small corallites usually occur between the large corallites. The coenosteum is coarse.",Colour:,"Brown, cream or yellow.",Habitat:,Shallow reef environments.,Abundance:,Usually uncommon.
Astreopora randalli,"Lamberts, 1980",Characters:,"Colonies are flat and mostly encrusting or forming plates. Corallites are mostly immersed, with small (less than 1.5 mm diameter) rounded openings. Coenosteum papillae are fine and may form rows down the sides of corallites.",Colour:,"Cream, grey, green or brown.",Habitat:,Shallow protected reef environments.,Abundance:,Uncommon.
Astreopora scabra,"Lamberts, 1982",Characters:,"Colonies are hemispherical. Corallites are conical and large, with well developed septa. The coenosteum is coarse, with a dense covering of papillae forming ridges.",Colour:,Brown.,Habitat:,Most reef environments.,Abundance:,Uncommon.
Astreopora suggesta,"Wells, 1954",Characters:,"Colonies are hemispherical with small, widely spaced corallites raised on mounds that may be different shapes. Calices average one millimetre diameter. Septa are in two irregular cycles. Coenosteum papillae are short and blunt.",Colour:,Brown with pale corallites.,Habitat:,Shallow reef environments.,Abundance:,Uncommon.
Australogyra zelli,"(Veron, Pichon and Wijsman-Best, 1977)",Characters:,"Colonies have a branching growth-form. They may form compact hemispherical mounds or thickets over 2 metres across or occur as a few isolated branches. Corallites are monocentric or form short valleys. Walls are thick, rounded and smooth. Columellae are absent. Tentacles are extended only at night.",Colour:,Grey-green to brown.,Habitat:,Usually in turbid waters around high islands or in reef lagoons.,Abundance:,Sometimes locally common.
Australomussa rowleyensis,"Veron, 1985",Characters:,"Colonies are flattened, helmet- or dome-shaped and may be several metres across. Corallites are subcerioid or have short, shallow valleys 8-20 millimetres wide, separated by thick walls. Tissue over the septa is usually distinct in colour and/or texture from tissue over the costae. Septa and costae are sturdy, with large blunt teeth.",Colour:,"In north-west Australia, colonies are a uniform blue-grey or valleys may have concentric cream and green colours. In south-east Asia colonies have a much wider range of colours including bright red, yellow and green.",Habitat:,Lower reef slopes protected from wave action.,Abundance:,Sometimes common.
Balanophyllia europaea,"(Risso, 1826)",Characters:,"Corals are solitary corallites, oval to hourglass in shape and up to 20 millimetres diameter. Septa are well developed and arranged according to Pourtalès plan. Columellae are broad and deep seated. Walls are composed of porous coenosteum. Tentacles are extended only at night.",Colour:,Yellowish- or pinkish-brown.,Habitat:,Rocky foreshores to a depth of 50 metres.,Abundance:,Uncommon.
Bernardpora stutchburyi,"(Wells, 1955)",Characters:,Colonies are submassive to encrusting. Calices are small and shallow with crowded septa giving colonies a smooth surface. Polyps have short tapered tentacles which are often extended during the day.,Colour:,"Usually pale brown or cream, sometimes with pale blue mouths.",Habitat:,Shallow reef environments.,Abundance:,Uncommon.
Blastomussa loyae,"Head, 1978",Characters:,"Colonies are encrusting, sub-cerioid to plocoid. Corallites are 5-8 millimetres diameter. Septa are mostly in two orders of which only the first reaches the columella. Septa have slightly serrated margins. Primary septa may be exsert. Columellae are poorly developed. Mantles, but not tentacles, are extended during the day and may form a continuous surface obscuring the underlying growth-form.",Colour:,Pale brown or cream.,Habitat:,Lower reef slopes.,Abundance:,Uncommon.
Blastomussa merleti,"(Wells, 1961)",Characters:,"Colonies are phaceloid, and consist of a few to large numbers of corallites. Corallites are less than 7 millimetres diameter. Septa are mostly in two orders of which only the first reaches the columella. Septa have slightly serrated margins. Primary septa may be exsert. Columellae are poorly developed. Mantles, but not tentacles, are extended during the day and may form a continuous surface obscuring the underlying growth-form.",Colour:,"Commonly dark red with conspicuous green oral discs. May also be pink, orange, brown or uniform dark grey with white margins to primary septa.",Habitat:,"Reef environments, especially where the water is turbid.",Abundance:,Uncommon.
Blastomussa vivida,"Benzoni, Arrigoni and Hoeksema, 2013",Characters:,"Polyps are solitary or form colonies with a small number of corallites. Colonies are cerioid or sub-cerioid. Septa are in multiple irregulr orders, columellae are well formed. Lower order septa may be exsert and most septa have prominent teeth. Mantles are thick and mask the underlying skeleton.",Colour:,"Very colourful: red, purple and green are the most common colours, with corallites and walls usually of contrasting colours.",Habitat:,"Reef environments, especially where the water is turbid.",Abundance:,"Uncommon, rare in the Red Sea."
Blastomussa wellsi,"Wijsman-Best, 1973",Characters:,"Colonies are phaceloid, rarely subplocoid. Corallites are 9-14 millimetres diameter. Septa are not arranged in cycles and are numerous. They have small blunt teeth. Mantles, but not tentacles, are extended during the day and may form a continuous surface obscuring the underlying growth-form.",Colour:,"Mantles are usually dark grey, but may be red or green. Oral discs are usually green but may be red or dark grey.",Habitat:,"Lower reef slopes protected from wave action, and turbid environments.",Abundance:,Extremely rare.
Boninastrea boninensis,"Yabe and Sugiyama, 1935",Characters:,"Colonies are massive with short, highly contorted valleys. Septa have well developed teeth. There are no columellae.",Colour:,Yellowish-green.,Habitat:,Shallow reef backs.,Abundance:,Mostly uncommon.
Calathiscus tantillus,"Claereboudt and Al-Amri, 2004",Characters:,"Colonies are mostly encrusting, rarely more than 30 mm diameter. Corallites average 1.7 mm diameter, are crowded, angular. Septa are in two very unequal and irregularly fuse, in a -like pair or trident. Columellae are absent. Polyps are extended during the day, and have 15-22 tentacles.",Colour:,light green.,Habitat:,Reef habitats.,Abundance:,Rare.
Cantharellus doederleini,"(von Marenzeller, 1906)",Characters:,"Polyps are small (up to 50 mm diameter), flat and button-like. The orders of septa are well defined. Primary septa are thick.",Colour:,Tan or cream.,Habitat:,Mid-reef slopes exposed to moderate wave action.,Abundance:,Uncommon.
Cantharellus jebbi,"Hoeksema, 1993",Characters:,"Solitary or colonial. Solitary polyps are small (up to 70 mm diameter) and tightly encrust the substrate. Colonies are uncommon but are relatively conspicuous, up to 0.2 metres across. Septa are thick and wavy.",Colour:,Light brown.,Habitat:,Protected reef environments.,Abundance:,Rare.
Cantharellus noumeae,"Hoeksema and Best, 1984",Characters:,"Polyps are small (up to 65 mm diameter) except in the Red Sea (up to 200 mm diameter), cup-shaped when fully developed, and have wavy margins. The species may be solitary or colonial, the latter consisting of a few contorted corallites. Primary septa are thin and usually smooth edged.",Colour:,Mottled brown.,Habitat:,Shallow reef environments.,Abundance:,Seldom common but conspicuous. Rare in the western Indian Ocean.
Catalaphyllia jardinei,"(Saville-Kent, 1893)",Characters:,Colonies are flabello-meandroid with straight edged septa forming wide V-shaped valleys. Valleys are evenly spaced and have sharp edged walls. Septa are widely spaced. There are no columellae. Polyps have large tubular tentacles extending from large fleshy oral discs. Forms satellite colonies (like ) in aquaria.,Colour:,Distinctive green with pink tentacle tips and a striped oral disc.,Habitat:,"Occurs in protected, preferably turbid water.",Abundance:,Rare.
Caulastrea connata,"(Ortmann, 1892)",Characters:,"Colonies are phaceloid. Corallites are prominent and sturdy, 10-25 millimetres diameter, and frequently have more than one mouth. Septa are irregularly spaced, exsert and rough-edged. Costae are poorly developed; paliform lobes are not conspicuous.",Colour:,Grey-brown.,Habitat:,Shallow reef environments.,Abundance:,Uncommon.
Caulastrea curvata,"Wijsman-Best, 1972",Characters:,"Colonies are usually small. Corallites are sometimes compact, but usually sprawl irregularly. They are characteristically curved at the colony periphery and average 8 millimetres diameter.",Colour:,Pale brown.,Habitat:,"Flat substrates, often found with .",Abundance:,Uncommon.
Caulastrea echinulata,"(Milne Edwards and Haime, 1848)",Characters:,"Colonies are phaceloid. Corallites are usually closely compacted and less than 10 millimetres diameter. Septa are exsert and irregular, but approximately uniform in width, if not height. Polyps are fleshy, concealing septal characters.",Colour:,Tan to dark brown usually with pale green oral discs.,Habitat:,Horizontal substrates protected from wave action and with turbid water.,Abundance:,Common.
Caulastrea furcata,"Dana, 1846",Characters:,"Colonies are phaceloid. Corallites diverge from the colony base, or are irregular, or crowded if space is restricted. They are less than 10 millimetres diameter. Septa are exsert and irregular, with some septa thicker than others. Polyps are fleshy; thick septa give prominent radiating stripes to the upper corallite surface.",Colour:,Brown or green with green oral discs.,Habitat:,"Protected reef slopes where the substrate is partly sandy. Forms extensive single species stands, sometimes over 5 metres across.",Abundance:,Common only in Western Australia and Japan.
Caulastrea tumida,"Matthai, 1928",Characters:,"Colonies are phaceloid or plocoid, the former being predominant in high latitudes and very shallow water. Corallites are short and sturdy, 10-15 millimetres diameter, and frequently have more than one mouth. Costae are poorly developed.",Colour:,"Dull cream, grey and green.",Habitat:,"Shallow reefs, and rocky foreshores of subtropical locations.",Abundance:,"Uncommon, rare on reefs."
Cladocora arbuscula,"(Lesueur, 1820)",Characters:,Colonies consist of clumps of interlocking tubular corallites which are less than 4 millimetres diameter. Clumps may be compact and attached to hard substrates or loose aggregations on soft substrates which readily fall apart if disturbed. Usually only the terminal parts of corallites are alive. Corallite walls and septo-costae are both thin and delicate. The latter are in two alternating orders and have irregular teeth.,Colour:,"Tan or brown, with translucent tentacles.",Habitat:,Seagrass beds and other turbid environments where there is a lot of sediment.,Abundance:,Uncommon.
Cladocora caespitosa,"(Linnaeus, 1767)",Characters:,"Colonies are phaceloid, up to 0.5 metres across. Corallites are tubular, 4-5 millimetres diameter, and are compacted together forming clumps. Septo-costae are in two alternating orders, only the first of which usually reaches the columella. Columellae and paliform lobes may both be well developed. Only colonies from water shallow enough for light penetration are zooxanthellate.",Colour:,Cream or brown with brown tentacles.,Habitat:,"Shallow rocky substrates, to deep water where colonies are azooxanthellate.",Abundance:,Uncommon.
Coeloseris mayeri,"Vaughan, 1918",Characters:,"Colonies are massive, either rounded or hillocky. Corallites are cerioid, without columellae and with neatly arranged (almost -like) septo-costae. Septo-costae are joined at the top of the walls. Tentacles are extended only at night.",Colour:,"Pale green, yellow or brown, usually with darker calices.",Habitat:,Shallow upper reef slopes and lagoons.,Abundance:,"Sometimes common, conspicuous."
Colpophyllia natans,"(Houttuyn, 1772)",Characters:,"Colonies are large and hemispherical or encrusting. Valleys are usually long and sinuous but may become short, with 1-3 centres and form -like monticules. Septa are exsert, equal, and finely toothed. A fine ambulacral groove occurs along the tops of walls. Tentacles are extended only at night.",Colour:,Walls are brown or grey with valleys the same colour or green.,Habitat:,Shallow reef environments.,Abundance:,Sometimes common.
Coscinaraea columna,"(Dana, 1846)",Characters:,"Colonies are encrusting or massive, sometimes hillocky. Columellae are compacted pinnules set well below the septo-costae. Septo-costae are not heavily granulated.",Colour:,"Usually bright greenish-yellow, also greys and browns.",Habitat:,Shallow reef environments.,Abundance:,Rare.
Coscinaraea crassa,"Veron and Pichon, 1980",Characters:,Colonies are generally submassive to encrusting with large compact corallites. Long and short septo-costae slightly alternate. Columellae are single fused septal margins deep within the corallite.,Colour:,Pale brown.,Habitat:,Shallow reef environments.,Abundance:,Common.
Coscinaraea exesa,"(Dana, 1846)",Characters:,Colonies are columnar and may be several metres across. Corallites are in shallow valleys. Columellae are compact and reach the height of the inner septal margins. Septo-costae are usually granulated and have a conspicuous granule near the valley wall. Tentacles are often extended during the day.,Colour:,"Uniform dark grey, or brown.",Habitat:,Shallow reef environments.,Abundance:,Rare.
Coscinaraea hahazimaensis,"(Yabe and Sugiyama, 1936)",Characters:,"Colonies are encrusting to massive. Corallites are cerioid or are in small groups separated by sharply defined walls. Septo-costae are thin, with saw-tooth margins. Most are fused into fan-like groups. Columellae consist of a few pinnules.",Colour:,Reddish-brown or grey.,Habitat:,Rocky foreshores.,Abundance:,Uncommon.
Coscinaraea marshae,"Wells, 1962",Characters:,Colonies are flat plates with corallites aligned between -like folds (collines) parallel to the colony margin. Septo-costae have a rough appearance.,Colour:,"Brown, green or yellow-brown, sometimes mottled.",Habitat:,Rocky foreshores.,Abundance:,Uncommon.
Coscinaraea mcneilli,"Wells, 1962",Characters:,Colonies are flat plates with corallites aligned in shallow depressions parallel to the colony margin. Septo-costae neatly alternate and are perpendicular to the colony margin.,Colour:,"Dark grey, brown or green.",Habitat:,Rocky foreshores.,Abundance:,"Common in the western Indian Ocean, uncommon in the central Indo-Pacific."
Coscinaraea monile,"(Forskål, 1775)",Characters:,"Colonies are usually encrusting or dome-shaped. Calices are monocentric, up to 7 millimetres diameter, or form short valleys. Septa are even and finely serrated, giving colonies a smooth surface.",Colour:,"Usually uniformly grey, sometimes tan, brown, or mottled colours.",Habitat:,Most reef environments.,Abundance:,Uncommon.
Coscinaraea wellsi,"Veron and Pichon, 1980",Characters:,"Colonies are thin, often overlapping laminae, with lobed margins. Corallites are irregularly distributed with deep seated columellae and thick, granulated septo-costae.",Colour:,"Green, brown or red-brown, with white perimeters.",Habitat:,Usually found encrusting vertical or overhung faces.,Abundance:,Rare.
Craterastrea levis,"Head, 1983",Characters:,"Flat or crateriform unifacial plates, centrally attached. Corallites are widely spaced, outwardly inclined with a deep fossa. Septo-costae are tightly compacted, with crenelated margins.",Colour:,Grey or brown.,Habitat:,"Occurs in mesophotic habitats, typically on relatively inaccessible deep reef slopes. Occasionally on shallower turbid slopes.",Abundance:,Sometimes common.
Ctenactis albitentaculata,"Hoeksema, 1989",Characters:,"Polyps are elongate, with an axial furrow extending most of the polyp length. Several mouths are arranged along the axial furrow but do not occur outside the furrow. Septal teeth are long and tapered. Tentacles are usually partly extended during the day.",Colour:,Pale brown with conspicuous white tentacles.,Habitat:,Shallow reef environments.,Abundance:,Usually uncommon.
Ctenactis crassa,"(Dana, 1846)",Characters:,"Polyps are elongate, with an axial furrow extending almost to the polyp ends. Several mouths are arranged along the axial furrow but do not occur outside the furrow.",Colour:,Pale brown.,Habitat:,Reef slopes protected from strong wave action and on sandy floored reef lagoons.,Abundance:,Common.
Ctenactis echinata,"(Pallas, 1766)",Characters:,Polyps are elongate. Septal teeth and costal spines are both strongly developed. Only a single mouth is present.,Colour:,Usually brown.,Habitat:,Reef slopes and lagoons.,Abundance:,Locally common.
Ctenella chagius,"Matthai, 1928",Characters:,"Colonies are mostly submassive and meandroid. Valleys are highly convoluted. Septo-costae are in two indistinct orders; they seldom join on the tops of walls, but rather are obliquely fused forming a thin ridge.",Colour:,"Cream, green or light brown.",Habitat:,Reef slopes.,Abundance:,Rare.
Cycloseris boschmai,"Hoeksema, 2014",Characters:,"Polyps are small (<50 mm diameter, flat, robust and circular with a weakly formed central dome. Margins of septa have conspicuous granulations.",Colour:,A wide range of mottled colours.,Habitat:,Lower reef slopes.,Abundance:,Rare.
Cycloseris colini,"Veron, 2000",Characters:,"Polyps are circular and flat, up to 200mm diameter, with a small central dome and upturned margins. Septa are in two or three irregular orders at the central dome and form three indistinct orders at the margins. There is a slight lobe at the commencement of septa. Septal serrations are fine. Costae are very fine and indistinct.",Colour:,Brown.,Habitat:,Lower reef slopes.,Abundance:,Rare.
Cycloseris costulata,"(Ortmann, 1889)",Characters:,"Polyps are circular, helmet-shaped and up to 80 millimetres diameter, with a concave undersurface. Primary septa are thick and exsert around the mouth.",Colour:,"Pale cream or brown, sometimes with violet margins.",Habitat:,Soft inter-reef substrates and lower reef slopes protected from wave action.,Abundance:,Uncommon.
Cycloseris curvata,"(Hoeksema, 1989)",Characters:,"Polyps are usually strongly arched and up to 90 millimetres diameter. Septa are thick, exsert, and curve irregularly when seen from above.",Colour:,Brown or green.,Habitat:,Soft inter-reef and sometimes reef substrates.,Abundance:,Common.
Cycloseris cyclolites,"(Lamarck, 1816)",Characters:,Polyps are circular or slightly oval domes up to 40 millimetres wide with a concave undersurface. Septa are straight and symmetrical. Primary septa are thick and exsert around the mouth.,Colour:,"Pale cream or greenish, often with white margins to major septa. Sometimes brightly coloured in shallow water.",Habitat:,Soft inter-reef and sometimes reef substrates.,Abundance:,Rare.
Cycloseris erosa,"(Döderlein, 1901)",Characters:,"Polyps are approximately circular, nearly flat to strongly convex, with a flat or concave undersurface. The central arch is well formed. Septa are irregular, with ragged margins.",Colour:,Brown or mottled.,Habitat:,Soft inter-reef substrates.,Abundance:,Uncommon.
Cycloseris hexagonalis,"(Milne Edwards and Haime, 1848)",Characters:,"Polyps are flat, with a slight central dome around the mouth. Septa are not thickened or exsert around the mouth. Small corals have an angular outline that becomes irregular when fully grown. They reach 90 millimetres diameter. Septa are thick and unequal. Tentacular lobes are absent. Costae are fine and only developed towards the polyp perimeter.",Colour:,"Brown, green or yellow. Small polyps often have six pale primary septa resembling spokes of a wheel.",Habitat:,Soft inter-reef substrates.,Abundance:,Usually uncommon.
Cycloseris patelliformis,"(Boschma, 1923)",Characters:,"Polyps are circular to slightly oval, with a large central dome and nearly flat undersurface. Costae and septa do not alternate at the polyp margin.",Colour:,"Pale mottled brown or cream, sometimes with a dark perimeter and/or violet mouth.",Habitat:,Usually soft inter-reef substrates.,Abundance:,Sometimes common.
Cycloseris sinensis,"Milne Edwards and Haime, 1851",Characters:,"Polyps are flat, circular or irregular in outline. There is little or no central dome. The central fossa is deep. Septa are thick, tightly packed and even, giving the oral disc a smooth appearance. Long and short septa clearly alternate. Costae are fine and only developed towards the polyp perimeter. Polyps may form more than one mouth and reproduce by autotomy, but this is rare.",Colour:,Pale brown.,Habitat:,Soft inter-reef substrates.,Abundance:,Usually uncommon.
Cycloseris somervillei,"(Gardiner, 1909)",Characters:,"Polyps are oval and flat, with an arched central dome and a flat undersurface. The axial furrow is elongate. Primary septa are exsert on the central dome.",Colour:,Pale brown or mottled.,Habitat:,Soft inter-reef substrates and lower reef slopes protected from wave action.,Abundance:,Rare.
Cycloseris tenuis,"(Dana, 1846)",Characters:,"Polyps are circular, thin and flat with a small central dome. Septa are in markedly different orders but each septum is uniform throughout its length. Costae on the undersurface are thick and irregularly arranged.",Colour:,Pale brown or yellow.,Habitat:,Soft inter-reef substrates.,Abundance:,Rare.
Cycloseris vaughani,"(Boschma, 1923)",Characters:,"Polyps are circular and generally dome-shaped, with a flat undersurface. Costae alternate at the polyp margin.",Colour:,"Pale mottled brown, usually with a pale coloured mouth.",Habitat:,Usually soft inter-reef substrates.,Abundance:,Seldom common but always conspicuous.
Cynarina lacrymalis,"(Milne Edwards and Haime, 1848)",Characters:,"Corals are monocentric, oval or circular, and are cylindrical with a base for attachment, or have a pointed base when free-living. Primary septa are thick and have extremely large, rounded or lobed teeth. Paliform lobes are usually well developed. Columellae are broad and compact. Tentacles are extended only at night. During the day the mantle is inflated with water and is translucent so that the toothed primary septo-costae are clearly visible. In conditions of low light the mantle may be over twice the diameter of the skeleton.",Colour:,"Usually mixtures of green or brown, but may be pink and sometimes other colours. Colours over the primary septa radiate like to spokes of a wheel.",Habitat:,Protected reef environments and deep sandy substrates.,Abundance:,Uncommon.
Cyphastrea agassizi,"(Vaughan, 1907)",Characters:,Colonies are massive. The surface is often deeply grooved. Corallites are widely spaced. Septa are in three unequal orders with the first order being exsert. The coenosteum between the corallites is usually smooth. Irregular ‘groove and tubercle’ formations may be present.,Colour:,"The coenosteum is generally whitish, with contrasting pale brown or green corallites. Septa are sometimes orange.",Habitat:,Shallow reef environments.,Abundance:,"Common, but less so than ."
Cyphastrea chalcidicum,"(Forskål, 1775)",Characters:,"Colonies are encrusting to massive, with a tendency to form columns. Corallites are usually widely spaced and conical, with clearly alternating costae which are easily visible underwater. There are 12 primary septa.",Colour:,"Usually uniform brown, green or cream with corallite walls and calices of contrasting colours.",Habitat:,"A wide range of reefs, also rocky foreshores of subtropical locations.",Abundance:,Uncommon.
Cyphastrea decadia,"Moll and Best, 1984",Characters:,"Colonies are branching, with -like axial corallites. On upper reef slopes, colonies have compact branches; on soft substrates, branches are more open and colonies are fragile. Primary septa vary from 10 to 12 in number. Costae are usually weakly developed.",Colour:,"Brown, grey or cream.",Habitat:,"A wide range of reef environments, especially lagoons.",Abundance:,Uncommon.
Cyphastrea hexasepta,"Veron, Turak and DeVantier, 2000",Characters:,"Colonies are massive, with a even or irregular surface. Corallites are widely spaced and immersed to tubular, the latter being strongly inclined on the colony surface. Calices are small. The coenosteum is covered with prominent spines which have elaborate surfaces. Septa are usually in two cycles. There are usually six primary septa although this varies among corallites.",Colour:,Mottled brown.,Habitat:,Shallow reef environments.,Abundance:,Usually uncommon.
Cyphastrea japonica,"Yabe and Sugiyama, 1936",Characters:,"Colonies are submassive or encrusting, with an irregular surface. Corallites are small and often crowded. Septa are in two unequal orders of 12 each, the first being exsert and irregularly toothed. Coenosteum spinules are prominent. ‘Groove and tubercle’ formations are often present. Colonies are often infested with parasitic barnacles.",Colour:,"Mottled cream or yellowish-green, sometimes mottled grey.",Habitat:,Shallow exposed reef environments.,Abundance:,Unknown but possibly common.
Cyphastrea kausti,"Bouwmeester and Benzoni, 2015",Characters:,"Colonies are submassive to encrusting. Corallites are moderately tall, conical and moderately compact. They usually have 8 primary septa although this varies among corallites. Coenosteum spinules are conspicuous.",Colour:,"Brown, cream or green, sometimes other colours. Septa are commonly white.",Habitat:,Reef slopes.,Abundance:,"Common, but less so than ."
Cyphastrea microphthalma,"(Lamarck, 1816)",Characters:,"Colonies are massive, becoming thin encrusting plates where light levels are low. They commonly grow as mobile balls (coralliths). Corallites are tall and conical; compact in colonies exposed to strong light, widely spaced in encrusting colonies. They usually have 10 primary septa although this varies among corallites.",Colour:,"Brown, cream or green, sometimes other colours. Septa are commonly white.",Habitat:,Most reef environments.,Abundance:,Rare.
Cyphastrea ocellina,"(Dana, 1846)",Characters:,"Colonies are massive or encrusting, with an undulating or hillocky surface. Corallites are less than 3 millimetres diameter and tightly compacted. Septa are in two unequal orders of 12 each and sometimes have a third order. Paliform lobes are small or absent. The coenosteum is covered with short spinules.",Colour:,Pale greenish-yellow or dark green.,Habitat:,Upper reef slopes.,Abundance:,Common.
Cyphastrea serailia,"(Forskål, 1775)",Characters:,"Colonies are massive or encrusting to columnar, with a smooth or hillocky surface. Corallites are rounded and equal in size. Costae do not alternate strongly. There are 12 primary septa.",Colour:,"Usually uniform or mottled grey, brown or cream.",Habitat:,All reef environments.,Abundance:,Uncommon but conspicuous.
Dendrogyra cylindrus,"(Ehrenberg, 1834)",Characters:,"Colonies have encrusting bases on which cylindrical columns are developed that may reach 2 metres in height. Valleys are meandroid. Septo-costae are thick, in two alternating orders; they do not join at the tops of valleys and thus leave a neat groove along the tops of walls. Tentacles remain extended during the day giving columns a furry appearance.",Colour:,Grey-brown.,Habitat:,Most reef environments.,Abundance:,"Uncommon, but may be plentiful where it occurs."
Diaseris distorta,"(Michelin, 1842)",Characters:,Polyps consist of fan-shaped segments up to 40 millimetres wide. Thick beaded septa are of unequal height. Polyps are commonly inflated with water to several times the volume of the skeleton.,Colour:,"Cream or brown, sometimes mottled.",Habitat:,"Soft substrates, especially where exposed to currents. Sometimes found in seagrass beds.",Abundance:,"Uncommon, but may be plentiful where it occurs."
Diaseris fragilis,"Alcock, 1893",Characters:,"Polyps are irregular in outline, up to 70 millimetres across and generally composed of several wedge-shaped sectors which readily break apart. The beaded septa are approximately equal in height.",Colour:,"Greyish-yellow or beige, often with green margins or centres.",Habitat:,Found on a wide range of lower reef slopes or flat substrates.,Abundance:,Usually uncommon.
Dichocoenia stokesi,"Milne Edwards and Haime, 1848",Characters:,"Colonies are massive, often spherical, or may form thick submassive plates. Corallites are evenly spaced, plocoid or ploco-meandroid. Septo-costae are usually in two neatly alternating orders.",Colour:,"A distinctive orange-brown with white septo-costae, rarely green.",Habitat:,Most reef environments.,Abundance:,Sometimes common.
Diploastrea heliopora,"(Lamarck, 1816)",Characters:,Colonies are dome-shaped with an even surface and may be up to 2 metres high and 5 metres across. The skeleton is dense. Corallites form low cones with small openings and very thick walls. Columellae are large. Septa are equal and are thick at the wall and thin where joining the columellae. Tentacles are extended only at night.,Colour:,"Usually uniform cream or grey, sometimes greenish.",Habitat:,Both exposed and protected reef environments.,Abundance:,Common.
Diploria clivosa,"(Ellis and Solander, 1786)",Characters:,"Colonies are massive (especially in shallow water) or encrusting. The surface is usually irregular, with sinuous valleys 4-8 millimetres wide. Columellae are well developed although interlinked. Ambulacral grooves, if present, are fine.",Colour:,"Greys and browns, usually with walls and valleys of contrasting colours.",Habitat:,"Most reef environments, especially shallow slopes and lagoons.",Abundance:,Common.
Diploria labyrinthiformis,"(Linnaeus, 1758)",Characters:,"Colonies are massive and usually hemispherical. Valleys are meandroid, parallel or sinuous, deep and 5-8 millimetres wide. Ambulacral grooves vary greatly in width within the same colony but may be wider than the valleys giving the superficial appearance of alternating valleys of two different sorts. Columellae are fine and do not form distinct centres.",Colour:,Tan to yellowish- or grey-brown.,Habitat:,Shallow reef environments.,Abundance:,Common.
Diploria strigosa,"(Dana, 1846)",Characters:,"Colonies are massive (especially in shallow water) or encrusting. The surface is even, with sinuous valleys 6-9 millimetres wide. Columellae are well developed although interlinked. Ambulacral grooves, if present, are fine.",Colour:,"Purple-brown, grey or greenish with green or grey valley floors.",Habitat:,"Most reef environments, especially shallow slopes and lagoons.",Abundance:,Rare but conspicuous.
Duncanopsammia axifuga,"(Milne Edwards and Haime, 1848)",Characters:,"Colonies are phaceloid, composed of long tubular corallites which bifurcate at irregular intervals, and which face upward. Corallites are round, 10-14 millimetres diameter, and have well developed septa arranged according to Pourtalès plan. Columellae are broad and deep seated. Walls are composed of porous coenosteum. Tentacles are extended day and night and may form a continuous mat concealing the shape of the underlying colony.",Colour:,Green or blue-grey.,Habitat:,"Usually occurs in water over 20 metres deep, attached to a solid substrate but in areas where soft sand predominates.",Abundance:,Rare but distinctive.
Echinomorpha nishihirai,"(Veron, 1990)",Characters:,Colonies or individuals are thin and delicate. They may have only one corallite or have a prominent central corallite and widely spaced peripheral corallites. Septo-costae radiate from the central corallite like spokes from a wheel.,Colour:,Uniform or mottled dark browns or greens.,Habitat:,"Lower reef slopes protected from wave action, and in crevices.",Abundance:,Common.
Echinophyllia aspera,"(Ellis and Solander, 1786)",Characters:,"Colonies are partly or totally encrusting laminae. Central parts may be hillocky and submassive, peripheral parts may be contorted or form whorls and tiers. Corallites have toothed rather than beaded costae. There are no paliform lobes.",Colour:,"Brown, green and red are most common, usually with red or green oral discs. Often mottled.",Habitat:,"Most reef environments especially lower reef slopes, lagoons and fringing reefs.",Abundance:,Rare.
Echinophyllia costata,"Fenner and Veron, 2000",Characters:,"Colonies are thin delicate laminae with widely but uniformly spaced corallites. Corallites are well defined, becoming immersed, with indistinct walls. Septo-costae form parallel striations irrespective of the position of corallites. Most septa radiate from the corallite centre, but those adjoined to costae remain aligned with the costae. Septo-costae inside corallites are in three indistinct orders. Columellae consist of a few septal spines or are absent.",Colour:,"Usually dark brown, sometimes grey.",Habitat:,Shallow reef environments.,Abundance:,Usually rare.
Echinophyllia echinata,"(Saville-Kent, 1871)",Characters:,"Colonies are thin, flat to vase-shaped laminae with a conspicuous central corallite in smaller colonies and widely spaced radial corallites. Costae are exsert, unequal and smooth or toothed.",Colour:,"Mottled brown, green and red.",Habitat:,"Protected reef environments, especially vertical faces and lower reef slopes.",Abundance:,"Uncommon in Australia, common in the northern hemisphere."
Echinophyllia echinoporoides,"Veron and Pichon, 1980",Characters:,"Colonies are encrusting laminae, sometimes with nodules at the colony centre. Corallites are small (4-6 mm diameter), mostly immersed and are slightly inclined towards the colony margins.",Colour:,"Usually a uniform cream to dark brownish-green, but commonly brick red in Japan.",Habitat:,Most reef environments but especially turbid water on protected steeply sloping substrates.,Abundance:,Usually uncommon.
Echinophyllia orpheensis,"Veron and Pichon, 1980",Characters:,"Colonies are less than 0.5 metres across and normally submassive, becoming laminar around the periphery. Corallites are exsert except at the periphery. Costae are thick and beaded. Paliform lobes are usually well developed.",Colour:,"Usually cream, reddish or pale brown, sometimes with green centres.",Habitat:,Most reef environments.,Abundance:,Sometimes common.
Echinophyllia patula,"(Hodgson and Ross, 1981)",Characters:,"Colonies are thin laminae with widely spaced, irregular corallites. Corallites are immersed and have broad columellae. A large central corallite may be distinguishable. Costae are well developed and have exsert triangular teeth; there are deep pits where costae commence.",Colour:,"Usually grey-green, grey or brown.",Habitat:,Vertical substrates with clear water at 10-40 metres depth.,Abundance:,Rare.
Echinophyllia pectinata,"Veron, 2000",Characters:,"Colonies are thin, flat, encrusting laminae with widely spaced irregular corallites. A central corallite may be distinguishable. Most corallites are shallow, elliptical and concentrically arranged or irregular. Costae are exsert, equal, smooth and have a toothed lobe where they commence. There are perforations between the costae and the coenosteum is finely ridged. Columellae are small.",Colour:,Green or cream with pale costae.,Habitat:,"Protected turbid reef environments, especially on steeply sloping surfaces.",Abundance:,Rare.
Echinophyllia tarae,"Benzoni, 2013",Characters:,"The coral is flat, encrusting. It usually consists of a single large corallite but may also have smaller peripheral corallites. Corallites have very exsert primary septa with coarse dentations. The columella is compact and spongy and a paliform crown distinctive.",Colour:,"Green, brown or mottled usually with distinctively coloured corallites.",Habitat:,Sheltered reef environments.,Abundance:,Rare.
Echinopora ashmorensis,"Veron, 1990",Characters:,"Colonies may be over 2 metres across and are composed of irregularly contorted tubes with hollow centres or, rarely, solid branches. Corallites are 3-5 millimetres diameter and are usually conical. They have three cycles of septa, the first two cycles reaching the columellae, which are well developed. Paliform lobes are prominent.",Colour:,Uniform brown or dark blue-grey.,Habitat:,Shallow protected reef environments.,Abundance:,Common.
Echinopora forskaliana,"(Milne Edwards and Haime, 1849)",Characters:,"Colonies are massive, with little tendency to form plates. Corallites are tall and conical, up to 10 millimetres diameter. Long and short septo-costae slightly alternate and are neatly and uniformly beaded. Paliform lobes form a neat crown. The columella has spines twisted into a spiral.",Colour:,"Pink, sometimes brown.",Habitat:,Shallow reef environments.,Abundance:,Common.
Echinopora fruticulosa,"(Ehrenberg, 1834)",Characters:,Colonies are dome-shaped clumps of interlocking branches up to 2 metres across. Branches are formed of single tubular corallites (or axial corallites) with lateral buds. Corallites are 5-8 millimetres diameter. Costal spines are widely spaced and not exsert. There is little tendency to form laminae or solid bases.,Colour:,Pinkish-brown with pale corallite ends.,Habitat:,Most shallow reef environments.,Abundance:,Usually uncommon.
Echinopora gemmacea,"(Lamarck, 1816)",Characters:,"Colonies are laminar and bifacial, submassive or encrusting, sometimes forming contorted branches. Corallites are 3.5-4.5 millimetres diameter. Columellae are large, and paliform lobes are not well developed. Primary septa may be thick and are always exsert.",Colour:,"Usually grey, sometimes pale cream to dark brown or green.",Habitat:,Shallow protected reef environments.,Abundance:,"Sometimes common in the western Indian Ocean, rare elsewhere."
Echinopora hirsutissima,"Milne Edwards and Haime, 1849",Characters:,"Colonies are submassive or encrusting. Corallites are 4-7 millimetres diameter and are thick walled with prominent skeletal structures. Costae are strongly beaded. The coenosteum is densely covered with thick, finely elaborated spinules.",Colour:,"Mustard, green, brown or purple, often with pale septo-costae.",Habitat:,Shallow reef environments.,Abundance:,Uncommon.
Echinopora horrida,"Dana, 1846",Characters:,"Colonies are composed of contorted branches, sometimes with flat laminar bases. Stands over 5 metres across and one metre high are not unusual. Corallites are 4-6 millimetres diameter, thick walled and have six thick primary septa. The coenosteum is covered with tall spinules.",Colour:,"Dark brown, cream or green.",Habitat:,Forms large stands on protected horizontal substrates including shallow reefs and lagoons.,Abundance:,Rare.
Echinopora irregularis,"Veron, Turak and DeVantier, 2000",Characters:,"Colonies are composed of irregularly encrusting bases with short branches of irregularly fused corallites. Corallites are 4-7 millimetres diameter and are thick walled forming an interlocking clump. Septa are in three cycles, the first being exsert with prominent elaborated spines. Costae are irregularly contorted, also with elaborated spines which extend across the coenosteum.",Colour:,Cream.,Habitat:,Shallow partly protected reef environments.,Abundance:,Common.
Echinopora lamellosa,"(Esper, 1791)",Characters:,"Colonies are thin laminae arranged in whorls or tiers or, rarely, forming tubes. Stands over 5 metres across are not unusual. Corallites are relatively thin walled and small (2.5-4 mm diameter). Columellae are small and compact, and paliform lobes are well developed.",Colour:,"Amber, pale to dark brown or greenish, often with darker brown or green calices.",Habitat:,May be a dominant species in shallow water habitats with flat substrates.,Abundance:,Common.
Echinopora mammiformis,"(Nemenzo, 1959)",Characters:,"Colonies are commonly over 5 metres across and are composed of contorted branches and flat plates. Rarely submassive. Corallites are conical, 7-10 millimetres diameter. The coenosteum is smooth or nearly so. Costae are smooth or slightly beaded. Columellae are twisted into a spiral.",Colour:,Distinctive cream with blue (which may photograph purple) corallites.,Habitat:,"Shallow water, especially lagoons and back reef margins.",Abundance:,Usually uncommon.
Echinopora pacificus,"Veron, 1990",Characters:,"Colonies are usually unifacial plates with laminar margins and encrusting centres. Corallites are up to 10 millimetres diameter. Septo-costae are in two orders, the second seldom forming well developed septa. Septal teeth are exsert. Costae are beaded. Paliform lobes are not exsert. The coenosteum has tall spinules giving colonies a velvet-like appearance.",Colour:,"Green, yellowish or grey-brown.",Habitat:,Most shallow reef environments.,Abundance:,Rare.
Echinopora robusta,"Veron, 2000",Characters:,"Colonies are massive or are thick plates. Corallites are up to 8 millimetres diameter, closely compacted, and thick walled. Septo-costae are in two alternating cycles, those of the first cycle being very exsert and coarsely beaded. Columellae are large and consist primarily of fused paliform lobes.",Colour:,Grey- or greenish-brown.,Habitat:,Shallow reef environments.,Abundance:,Rare.
Echinopora taylorae,"(Veron, 2000)",Characters:,"Colonies are thick laminae with widely but uniformly spaced corallites. Corallites are well defined, immersed, and thick walled. Septa are in three cycles, the first of which is prominent. Costae are fine, equal, and have fine dentations.",Colour:,"Green, brown or yellow, sometimes mottled.",Habitat:,Shallow reef environments.,Abundance:,Rare.
Echinopora tiranensis,"Veron, Turak and DeVantier, 2000",Characters:,Colonies are composed of basal plates with short branches of irregularly fused corallites. Corallites are 3-4 millimetres diameter and are thick walled. Those on basal plates are up to 8 millimetres exsert and are strongly inclined. Septa are in four orders and may fuse according to Pourtalès plan. Primary septa have paliform lobes. Columellae are compact. Costae are in two orders and are mostly smooth.,Colour:,Pale brown and cream.,Habitat:,Shallow reef environments.,Abundance:,Uncommon.
Erythrastrea flabellata,"Pichon, Scheer and Pillai, 1983",Characters:,"Colonies are hemispherical, up to one metre across, and are flabello-meandroid. Valleys are 8-11 millimetres wide and have thin walls, only the upper part of which are living. Septa protrude up to 5 millimetres and are equal, with coarse teeth. Columella centres are irregularly spaced and distinct. Costae are fine.",Colour:,Pale cream or green.,Habitat:,Reef slopes protected from wave action.,Abundance:,"Seldom common, but may be a dominant species on protected horizontal substrates and on rocky outcrops in high latitude locations."
Euphyllia ancora,"Veron and Pichon, 1980",Characters:,"Colonies may form a continuous cover over the substrate many metres across although individual colonies are seldom over one metre across. Colonies have the same skeletal structure as . They are flabello-meandroid with exsert septa which plunge near the valley centre. Valley walls form sharp edges. There are no columellae. Polyps have large tubular tentacles with few or no branchlets but with anchor, hammer or T-shaped tips.",Colour:,"Blue-grey to orange, usually with pale cream or green outer borders to the tentacles.",Habitat:,Large colonies are usually found in shallow environments exposed to moderate wave action.,Abundance:,Common in the only locality where it has been found.
Euphyllia baliensis,"Turak, DeVantier and Erdmann, 2012",Characters:,"Colonies are small, phaceloid, cushion-shaped and compact. Corallites are sub-circular, > 4.1 mm diameter for the most part. Septa are thin, solid, finely serrated, in two irregular orders with the first order plunging steeply near the corallite centre. Columellae are absent, walls are thin, highly ornimented and solid, costae are fine and long. Polyps are extended during the day, long tentacles have broad tips.",Colour:,Browm-green.,Habitat:,Lower reef slopes >25 m depth.,Abundance:,Uncommon but conspicuous.
Euphyllia cristata,"Chevalier, 1971",Characters:,"Colonies are phaceloid; corallites are closely compacted, 20-40 millimetres diameter. Small solitary polyps are common. Primary septa are very exsert and are conspicuous underwater. First and second order septa plunge steeply near the centre of the corallite. There are no columellae. Polyps have large tubular tentacles with knob-like tips.",Colour:,"Usually pale grey or green, with distinctively coloured tips to the tentacles.",Habitat:,Shallow reef environments.,Abundance:,"Seldom common, but conspicuous."
Euphyllia divisa,"Veron and Pichon, 1980",Characters:,Colonies may be over one metre across. Colonies have the same skeletal structure as . They are flabello-meandroid with exsert septa which plunge near the valley centre. Valley walls form sharp edges. There are no columellae. Polyps have large tubular tentacles with smaller tubular branches. All branches have knob-like tips.,Colour:,Translucent cream or green tentacles with pale tips.,Habitat:,"Large colonies are usually found in shallow, turbid environments and are commonly attached to vertical surfaces.",Abundance:,"Uncommon but conspicuous, rare in the Red Sea."
Euphyllia glabrescens,"(Chamisso and Eysenhardt, 1821)",Characters:,"Colonies are phaceloid; corallites are 20-30 millimetres diameter and 15-30 millimetres apart. Walls are thin, with sharp edges. Septa are not exsert; first and second order septa plunge steeply near the centre of the corallite. There are no columellae. Polyps have large tubular tentacles with knob-like tips.",Colour:,"Grey-blue to grey-green with cream, green, pink or white tips to the tentacles.",Habitat:,A wide range of reef environments.,Abundance:,Uncommon.
Euphyllia paraancora,"Veron, 1990",Characters:,Skeletons are similar to those of  with corallites 20-40 millimetres diameter. Polyps have tentacles with anchor-shaped ends similar to those of . Tentacle tips form concentric circles.,Colour:,Pale tan or greenish-brown.,Habitat:,Shallow to deep reef environments protected from wave action.,Abundance:,Uncommon.
Euphyllia paradivisa,"Veron, 1990",Characters:,Skeletons are very similar to those of . Polyps have branching tentacles almost identical to those of .,Colour:,Pale greenish-grey with lighter tentacle tips.,Habitat:,Shallow reef environments protected from wave action.,Abundance:,"The dominant species of Ôjioya Port, Tanegashima, Japan, the only place where this species has been found."
Euphyllia paraglabrescens,"Veron, 1990",Characters:,Skeletons are almost identical to those of . Tentacles are short and bubble-like and are extended day and night.,Colour:,Grey or green.,Habitat:,Has only been found attached to sandstone rock in shallow water.,Abundance:,Uncommon.
Euphyllia yaeyamaensis,"(Shirai, 1977)",Characters:,"Colonies are phaceloid with corallites circular or flabello-meandroid with short valleys. Valleys are up to 40 millimetres wide. Corallite walls are sharp edged. Septa are closely compacted. There are no columellae. Tentacles are short and fleshy and covered with short uniform branchlets, each with a terminal knob. They are aligned radially to polyp centres and can retract, but only slowly.",Colour:,"Usually a distinctive purple-grey, sometimes greenish-grey, occasionally translucent. Branchlets sometimes have pale tips.",Habitat:,Shallow reef environments.,Abundance:,Usually uncommon but conspicuous.
Eusmilia fastigiata,"(Pallas, 1766)",Characters:,"Colonies are usually dome-shaped and phaceloid, with widely spaced tubular corallites. Septa are evenly spaced, in two alternating orders. Primary septa are exsert. Costae are well developed. Tentacles are extended at night and are of two sizes, those corresponding with primary septa having broad bases.",Colour:,Yellow-brown to grey.,Habitat:,Protected reef environments.,Abundance:,Uncommon.
Favia albidus,"Veron, 2000",Characters:,"Colonies are massive, usually small. Corallites are crowded, usually circular and monocentric but rarely becoming elongate and polycentric. Septa are thickened over the corallite wall and exsert, with large teeth near the wall. Paliform lobes may form a crown around the columella. Columellae are small.",Colour:,Usually pale brown.,Habitat:,Upper reef slopes.,Abundance:,Uncommon.
Favia amicorum,"(Milne Edwards and Haime, 1848)",Characters:,Colonies are massive and usually small. Corallites are plocoid to tubular. Budding is primarily extratentacular. Costae are equal and well developed. Paliform lobes are usually poorly developed. Columellae are small and compact. Tentacles are extended only at night.,Colour:,"Usually brown, cream or green with pale oral discs.",Habitat:,"Shallow reef environments, especially reef backs protected from strong wave action.",Abundance:,Usually uncommon.
Favia danai,"Haime and Milne Edwards, 1857",Characters:,"Colonies are massive and usually small. Corallites are conical, with thick walls. Septo-costae are irregular and thick. Costae are strongly beaded. Paliform lobes are weakly developed.",Colour:,"Uniform or mottled brown, green, yellow-green or grey.",Habitat:,A wide range of reefs and rocky foreshores of subtropical locations.,Abundance:,Common.
Favia favus,"(Forskål, 1775)",Characters:,"Colonies are massive, rounded or flat. Corallites are conical. Septa are slightly irregular and widely spaced. Paliform lobes are poorly developed.",Colour:,"A wide variety, often mottled, with pale calices.",Habitat:,May be a dominant species on reef back margins.,Abundance:,Common.
Favia fragum,"(Esper, 1793)",Characters:,"Colonies are small (usually less than 50 mm across) and hemispherical to encrusting. Corallites have very variable shapes ranging from immersed to conical (plocoid) to tubular (subphaceloid) and may be circular with one mouth, to elongate with many mouths. Encrusting colonies in intertidal habitats may be submeandroid. Spherical colonies with unrestricted growing space commonly develop tubular corallites. Corallites or valleys are seldom more than 5 millimetres across. Whatever the corallite shape, the walls are neatly rounded. Septo-costae are exsert and evenly spaced.",Colour:,Usually tan to light orange-brown with pale green tentacles. Walls and calices may have contrasting colours.,Habitat:,Shallow rock pools and shallow reef environments.,Abundance:,Common.
Favia gravida,"Verrill, 1868",Characters:,"Colonies are small (usually <50 mm diameter) and hemispherical to encrusting. Corallites are mostly immersed, circular with one mouth to flabello-meandroid with many mouths. Corallites or valleys are <4 mm diameter. Whatever the corallite shape, the walls are neatly rounded. Septo-costae are exsert and evenly spaced in two orders and have unevenly serrated margins. Columella centres are usually indistinct, rarely forming a continuous wall.",Colour:,Pale organge.,Habitat:,Reef habitats or rocky shorelines.,Abundance:,Sometimes common.
Favia helianthoides,"Wells, 1954",Characters:,"Colonies are submassive. Corallites are conical and mostly uniform in shape, 3-3.5mm diameter. They show both extra- and intratentacular budding. Paliform lobes are well developed. Septa are neatly arranged and are thickened over the wall. Costae are also neat and those of adjacent corallites adjoin.",Colour:,"Brown, tan or blue-grey with cream oral discs.",Habitat:,Shallow reef environments.,Abundance:,Common.
Favia lacuna,"Veron, Turak and DeVantier, 2000",Characters:,"Colonies are submassive to massive, usually more than one metre across. Corallites are subplocoid, circular to irregular in shape, and crowded. The inner walls of corallites plunge vertically. Septa are thin, uniformly spaced and subequal, most reaching  the columella deep within the calice. Costae of adjacent corallites do not meet, leaving a narrow ambulacral groove. There are no paliform lobes. Columellae are small and compact.",Colour:,Tan with white centres.,Habitat:,Shallow exposed reef environments.,Abundance:,Rare.
Favia laddi,"(Wells, 1954)",Characters:,Colonies are clusters of tubular corallites. Budding is extratentacular. Corallites bifurcate at approximately 10 millimetre intervals and frequently join. Costae are in two alternating orders and are strongly beaded.,Colour:,Pale brown.,Habitat:,Recorded only from shallow lagoons.,Abundance:,"Common in the Red Sea, uncommon elsewhere."
Favia laxa,"(Klunzinger, 1879)",Characters:,"Colonies are hemispherical. Corallites are conical and uniform in shape, 4-5mm diameter. They show both extra- and intratentacular budding. Paliform lobes form a neat crown. Septa are fine and neatly arranged. Costae are also neat; a tiny line of demarcation, visible underwater, separates costae of adjacent corallites.",Colour:,"Uniform, usually pale brown or pinkish-brown.",Habitat:,Shallow reef environments.,Abundance:,Generally uncommon.
Favia leptophylla,"Verrill, 1868",Characters:,"Colonies are massive, flattened rather than hemispherical and commonly over one metre across. Corallites are compact, neatly rounded and uniform in size. Septo-costae are exsert and are equal and uniformly spaced.",Colour:,Uniform dark grey with pale grey oral discs.,Habitat:,Shallow reef environments.,Abundance:,Seldom common.
Favia lizardensis,"Veron, Pichon and Wijsman-Best, 1977",Characters:,"Colonies are massive and are commonly over one metre across. Corallites are circular, and regularly spaced. Corallite walls are thick but have fine rims. Septa are uniformly thin and widely spaced, without paliform lobes. Costae are well developed.",Colour:,Pinkish brown with cream or greenish oral discs.,Habitat:,Upper reef slopes.,Abundance:,Uncommon.
Favia maritima,"(Nemenzo, 1971)",Characters:,"Colonies are massive and usually hemispherical. Corallites are exsert. Septa are uniform, fine and numerous. Paliform lobes are poorly developed or absent.",Colour:,"Dark brown or greenish, sometimes with pale oral discs.",Habitat:,Reef slopes.,Abundance:,Uncommon.
Favia marshae,"Veron, 2000",Characters:,"Colonies are dome-shaped or flat. Corallites are shallow, circular, neatly arranged and 15-20 millimetres diameter. Corallites at the colony margin are frequently arranged in concentric rows. Septa are fine. Paliform lobes are weakly formed or absent.",Colour:,Uniform pale grey with contrasting walls and centres.,Habitat:,Shallow reef environments.,Abundance:,Sometimes common.
Favia matthaii,"Vaughan, 1918",Characters:,"Colonies are massive and usually small. Corallites are crowded and circular. Septa are thickened, exsert or ragged, with large teeth near the wall. They have well developed paliform lobes forming a crown around the columella.",Colour:,"Usually brown or grey or mottled, with walls and calices of contrasting colours.",Habitat:,Upper reef slopes.,Abundance:,Rare.
Favia maxima,"Veron, Pichon and Wijsman-Best, 1977",Characters:,"Colonies are massive and usually small. Corallites have well defined walls. Septa are regular, thickened at the wall and with conspicuous paliform lobes forming a crown around the columella. Polyps may be fleshy.",Colour:,Brown or yellow-brown with dull green or white oral discs.,Habitat:,Upper reef slopes.,Abundance:,"One of the most common  of eastern Australia, but usually much less common elsewhere."
Favia pallida,"(Dana, 1846)",Characters:,"Colonies are massive. Corallites are circular, closely compacted in shallow water, more widely spaced in deeper water. Septa are widely spaced and characteristically irregular. Paliform lobes are usually poorly developed.",Colour:,"Pale yellow, cream or green, with dark brown or green oral discs.",Habitat:,"All reef environments, often a dominant species of back reef margins.",Abundance:,Rare.
Favia rosaria,"Veron, 2000",Characters:,"Colonies are submassive to encrusting and often up to one metre across. Corallites are crowded, up to 20 millimetres diameter, and have low walls. Extratentacular budding is common. Septo-costae are uniform, not exsert. Septa have fine teeth. Paliform lobes are inconspicuous.",Colour:,Distinctive pinkish-brown with darker corallite inner walls and pale oral discs.,Habitat:,Shallow reef slopes.,Abundance:,Uncommon.
Favia rotumana,"(Gardiner, 1899)",Characters:,"Colonies are usually hemispherical, submassive or flat, and subplocoid. Corallites on convex surfaces are clearly subplocoid, those on flat surfaces are crowded, becoming cerioid and irregular in shape, and may have up to three centres. Septa are exsert, thin and irregular; they plunge steeply inside the wall. Paliform lobes are poorly developed or absent.",Colour:,"A wide range, usually with contrasting corallite walls and oral discs.",Habitat:,Upper reef slopes.,Abundance:,Sometimes common.
Favia rotundata,"(Veron, Pichon and Wijsman-Best, 1977)",Characters:,"Colonies are dome-shaped or flat. Corallites are thick walled and circular, ranging within and among colonies from fully plocoid to cerioid, and 19-22 millimetres diameter. Polyps are fleshy and circular in outline.",Colour:,"Pale grey, yellowish or brown. Corallite rims are usually distinctively coloured.",Habitat:,Reef slopes and lagoons.,Abundance:,"Very common, especially in high latitudes."
Favia speciosa,"(Dana, 1846)",Characters:,"Colonies are massive. Corallites are circular and closely compacted in shallow water, more widely spaced in deeper water. Septa are fine, numerous and regular. Paliform lobes are usually poorly developed.",Colour:,"Pale grey, green or brown, usually with calices of contrasting colours.",Habitat:,All reef environments.,Abundance:,Common.
Favia stelligera,"(Dana, 1846)",Characters:,"Colonies are spherical, columnar, hillocky or flat and may be several metres across. Corallites are evenly distributed and conical, with thick walls and small openings. Costae are equal and well developed. Those of adjacent corallites do not join. A crown of paliform lobes is usually clearly visible.",Colour:,Uniform brown or green.,Habitat:,Shallow reef environments where water movement is strong.,Abundance:,Common in equatorial regions.
Favia truncatus,"Veron, 2000",Characters:,"Colonies are massive, flat or hemispherical. Corallites are typically inclined on the colony surface, facing downwards on hemispherical surfaces. Corallite walls have sharp rims except for colonies from very shallow water. The lower part of the wall of inclined corallites is commonly immersed, giving the upper part a hooded appearance. Septa are widely spaced and irregular in size. Paliform crowns are well developed.",Colour:,Uniform yellowish-green or brown.,Habitat:,Most shallow reef environments.,Abundance:,Rare.
Favia veroni,"Moll and Best, 1984",Characters:,"Colonies are massive. Corallites are compacted together, often irregularly projecting and irregular in outline, with large calices up to 10 millimetres deep. Paliform lobes are absent.",Colour:,Corallite walls are usually rich brown or red with cream oral discs.,Habitat:,Reef slopes.,Abundance:,Rare.
Favia vietnamensis,"Veron, 2000",Characters:,Colonies are usually small. Corallites are irregularly shaped and deeply excavated. Septa are irregular in height. Paliform lobes are weakly developed. Colonies are very fleshy.,Colour:,"Brown or grey, either uniform or with distinctive oral discs.",Habitat:,Protected reef environments.,Abundance:,Rare.
Favia wisseli,"Scheer and Pillai, 1983",Characters:,"Colonies are submassive, plocoid and lighly calcified. Corallites are angular, up to 17 mm diameter and have 12-15 septa extending almost horizontally to the corallite centre. Columellae are hardly developed.",Colour:,Unknown.,Habitat:,Unknown.,Abundance:,Common.
Favites abdita,"(Ellis and Solander, 1786)",Characters:,"Colonies are massive, either rounded or hillocky and sometimes over one metre across. Corallites are rounded, with thick walls. Septa are straight, with exsert teeth.",Colour:,"Dark in turbid environments, otherwise pale brown with brown or green oral discs.",Habitat:,Most reef environments.,Abundance:,Rare.
Favites acuticollis,"(Ortmann, 1889)",Characters:,"Colonies are submassive to encrusting. Corallites are deep with very thin angular walls giving colonies a honeycomb appearance. Corallites are usually less than 7 millimetres diameter. Septa are few and widely spaced, paliform lobes are absent.",Colour:,"Dark colours, often with white upper margins to walls.",Habitat:,Shallow reef environments.,Abundance:,Rare.
Favites bestae,"Veron, 2000",Characters:,"Colonies are submassive to encrusting. Corallites are thick walled and rounded, becoming subplocoid. Septa are few in number, uniform in height and are usually in two (alternating) orders. Paliform lobes and columellae are well developed.",Colour:,"Browns and greens, usually with contrasting walls and centres.",Habitat:,Shallow reef environments.,Abundance:,Uncommon.
Favites chinensis,"(Verrill, 1866)",Characters:,"Colonies are massive and rounded. Corallites are shallow, angular to subplocoid, with thin walls. Septa are straight and even. Those of adjacent corallites are aligned across the wall. There are no paliform lobes.",Colour:,Usually yellow or greenish-brown.,Habitat:,A wide range of reef environments.,Abundance:,Sometimes common.
Favites complanata,"(Ehrenberg, 1834)",Characters:,"Colonies are massive with slightly angular corallites. Corallites have thick, rounded walls. Paliform lobes are weakly developed. Columellae are large. Septal spines may be prominent. Costae commonly form a three pointed star where three corallites adjoin.",Colour:,"Usually brown, sometimes with green or grey oral discs.",Habitat:,Most reef environments.,Abundance:,"Sometimes common, especially in subtropical locations."
Favites flexuosa,"(Dana, 1846)",Characters:,"Colonies are hemispherical or submassive. Corallites are angular and deep. Septa are prominent, with large conspicuous teeth. Paliform lobes are weakly developed.",Colour:,"A wide range, usually with contrasting walls and oral discs.",Habitat:,A wide range of reef environments and rocky foreshores.,Abundance:,Usually uncommon.
Favites halicora,"(Ehrenberg, 1834)",Characters:,"Colonies are massive, either rounded or hillocky. Corallites have very thick walls and tend to become subplocoid. Paliform lobes may be developed.",Colour:,Usually uniform pale yellowish- or greenish-brown.,Habitat:,Shallow reef environments.,Abundance:,Uncommon.
Favites micropentagona,"Veron, 2000",Characters:,"Colonies are encrusting to submassive. Corallites are pentagonal in shape and 3-4 millimetres diameter. Septa are in two alternating cycles, with irregular teeth. The paliform crown is clearly developed.",Colour:,"Pale brown, sometimes with dark oral discs.",Habitat:,Upper reef slopes.,Abundance:,Uncommon.
Favites paraflexuosa,"Veron, 2000",Characters:,"Colonies are hemispherical or flat. Corallites are angular and deep. Septa are even, with fine teeth. Paliform lobes are weakly developed.",Colour:,Brown with pale oral discs.,Habitat:,Shallow reef environments.,Abundance:,Sometimes common.
Favites pentagona,"(Esper, 1790)",Characters:,"Colonies are submassive to encrusting, sometimes forming irregular columns. They commonly exceed one metre across. Corallites are thin walled and angular. Septa are few in number. Paliform lobes are well developed, commonly forming a conspicuous crown.",Colour:,"Often brightly coloured, brown or red, commonly with green oral discs.",Habitat:,Shallow reef environments.,Abundance:,Usually uncommon.
Favites russelli,"(Wells, 1954)",Characters:,Colonies are submassive and thick plates to encrusting. Corallites have thin to thick irregular walls. Paliform lobes are well developed.,Colour:,"Usually green, brown or mottled or with green or cream oral discs.",Habitat:,Most reef environments.,Abundance:,Uncommon.
Favites spinosa,"(Klunzinger, 1879)",Characters:,"Colonies are small, massive and rounded. Corallites are deeply excavated, with angular walls. Septa are straight, widely spaced and are usually in two alternating orders. Paliform lobes are weakly developed. Septa have very prominent teeth, which have ragged margins. Columellae are small and compact.",Colour:,"Walls are off-white, centres are dark.",Habitat:,A wide range of reef environments.,Abundance:,Uncommon to rare.
Favites stylifera,"Yabe and Sugiyama, 1937",Characters:,"Colonies are encrusting to submassive. Corallites are irregular in shape, 3-6 millimetres diameter. Septa are few and highly contorted, with irregular teeth. The paliform crown is weakly developed.",Colour:,"Pale brown, sometimes with green oral discs.",Habitat:,Upper reef slopes.,Abundance:,Uncommon.
Favites vasta,"(Klunzinger, 1879)",Characters:,"Colonies are massive and are commonly over one metre across. Corallites are deep and angular and have very thick walls. Septa are equal, uniform, not exsert and finely toothed. Paliform lobes are usually present.",Colour:,Walls are always uniform amber with cream or white oral discs.,Habitat:,Most reef environments.,Abundance:,Common.
Fungia concinna,"Verrill, 1864",Characters:,"Polyps are circular, up to 160 millimetres diameter and generally flat. Septa are densely packed. Septal teeth and costal spines are small, giving septa a smooth appearance. Tentacular lobes are not formed or are minute. The undersurface is usually without pits.",Colour:,"Usually brown, sometimes with a contrasting perimeter.",Habitat:,Reef slopes and lagoons.,Abundance:,"Common in the Red Sea and western Indian Ocean, uncommon elsewhere."
Fungia corona,"Döderlein, 1901",Characters:,"Polyps have an irregular outline, flat to strongly convex, thin and light. Septa are of markedly different sizes and have large pointed teeth. Tentacular lobes are weakly developed. Costae are widely spaced, the larger having simple spines. The undersurface has pits between the costae.",Colour:,Pale brown often with pale septal margins and tentacular lobes.,Habitat:,Reef slopes and lagoons.,Abundance:,Common.
Fungia danai,"Milne Edwards and Haime, 1851",Characters:,"Polyps are circular, up to 300 millimetres diameter, not heavily calcified, with a strong central arch. Septa are straight and have very large teeth and a prominent tentacular lobe. Costae are compact, with large branching spines of different sizes on different orders. The undersurface has pits between the costae but few deep perforations.",Colour:,"Usually brown, sometimes mottled, with pale septal margins and tentacular lobes.",Habitat:,Reef slopes and lagoons.,Abundance:,Uncommon.
Fungia fralinae,"Nemenzo, 1955",Characters:,"Polyps are circular. Septa are in two distinct orders, those of the first order being very exsert, straight and thin. All septa have fine teeth. Tentacles, which are sometimes bifurcated, are commonly extended during the day.",Colour:,Usually olive-green with tiny but conspicuous violet tentacle tips.,Habitat:,Reef slopes and lagoons.,Abundance:,Common.
Fungia fungites,"(Linnaeus, 1758)",Characters:,"Polyps are approximately circular and up to 280 millimetres diameter. Septal teeth are triangular, pointed and usually have well defined central ribs. Tentacular lobes may be present. Costal spines are tall, smooth and conical.",Colour:,"Brown, sometimes mottled, often with pale tentacular lobes.",Habitat:,Reef slopes and lagoons.,Abundance:,Usually uncommon.
Fungia granulosa,"Klunzinger, 1879",Characters:,"Polyps are circular, up to 135 millimetres diameter and flat or with a central arch. Septa are thick and wavy, with finely granulated margins. Tentacular lobes are wide, causing the wavy shape of the septa. Costae are fine. The undersurface has pits between the costae.",Colour:,Usually brown.,Habitat:,Reef slopes and lagoons.,Abundance:,Uncommon.
Fungia gravis,"Nemenzo, 1955",Characters:,"Polyps are elongate, up to 200 mm long with irregular sides. They are thick and heavy and usually have a central arch and long axial furrow. Most septa extend from the mouth to the perimeter. Peripheral mouths are sometimes formed.",Colour:,Dark brown or reddish.,Habitat:,Reef habitats.,Abundance:,Common.
Fungia horrida,"Dana, 1846",Characters:,"Polyps are circular, up to 200 millimetres diameter and thick, with a strong central arch. Septa are straight, with very large irregular teeth. Tentacular lobes are weakly developed. Costae are unequal, with very long spines. There are no pits between the costae.",Colour:,"Usually brown, commonly with radiating stripes or mottled.",Habitat:,Reef slopes and lagoons.,Abundance:,"Common in the western Indian Ocean and Red Sea, uncommon elsewhere."
Fungia klunzingeri,"Döderlein, 1901",Characters:,"Polyps are circular, up to 200 millimetres diameter and flat or with a small central dome. Septa are of markedly different sizes and have large triangular to columnar teeth with a central rib and which form a regular pattern. Tentacular lobes are usually not developed. Costae are widely spaced, the larger having simple spines. The undersurface has pits between the costae.",Colour:,"Brown, sometimes with radiating stripes, with white tentacular lobes.",Habitat:,Reef slopes and lagoons.,Abundance:,Usually uncommon.
Fungia moluccensis,"van der Horst, 1919",Characters:,"Polyps are usually attached to, or encrust, the substrate. They may be shaped like  but are commonly contorted. They usually have a strong central arch. In specimens which are not contorted, primary septa extend from the mouth to the perimeter. Secondary mouths are sometimes formed. Costae are irregular. An attachment scar is usually prominent.",Colour:,"Brown, cream or mottled.",Habitat:,Reef slopes and turbid environments.,Abundance:,Common.
Fungia paumotensis,"Stutchbury, 1833",Characters:,Polyps are elongate and up to 250 millimetres long with almost parallel sides. They are thick and heavy and usually have a strong central arch. Most primary septa extend from the mouth to the perimeter. Costae are fine and straight. There are no attachment scars except on immature specimens. Peripheral centres are common.,Colour:,Usually brown.,Habitat:,Reef slopes and lagoons.,Abundance:,Uncommon.
Fungia puishani,"Veron and DeVantier, 2000",Characters:,"Polyps are circular or oval, up to 125 millimetres diameter and strongly arched. Septa are densely packed and straight and have small blunt teeth. The axial mouth is well defined and the outer surface is covered with small peripheral mouths separated by septa of variable length. There are no tentacular lobes.",Colour:,Pale brown.,Habitat:,Reef slopes and lagoons.,Abundance:,Common.
Fungia repanda,"Dana, 1846",Characters:,"Polyps are circular, up to 300 millimetres diameter, thick and flat or strongly arched. Septa are almost equal at the polyp perimeter. Septal teeth are fine but clearly visible. There are no tentacular lobes. The undersurface has pits between the costae. Costal spines are granular. Tentacles are usually slightly extended during the day giving the polyp a speckled appearance.",Colour:,Usually brown with pale tentacles.,Habitat:,Reef slopes and lagoons.,Abundance:,Rare.
Fungia scabra,"Döderlein, 1901",Characters:,"Polyps are usually circular, flat or arched. Septa are thin with very fine conical or granular teeth. Small tentacular lobes may be present. Costae are fine. There are no pits between the costae. Septa may form irregular patterns in turbid environments.",Colour:,Usually brown.,Habitat:,Reef slopes and lagoons.,Abundance:,Uncommon.
Fungia scruposa,"Klunzinger, 1879",Characters:,"Polyps are circular or oval, up to 240 millimetres diameter, not strongly arched, thick and heavy. Septa are densely packed and often wavy. Tentacular lobes may be present. Costae are very unequal, with simple spines. The undersurface has extensive perforations between costae.",Colour:,Usually brown or blue (photographing pink).,Habitat:,Reef slopes and lagoons.,Abundance:,Common and distinctive.
Fungia scutaria,"Lamarck, 1801",Characters:,"Polyps are oval, thick, heavy and up to 170 millimetres long. Primary septa commence with a tall tentacular lobe and these are distributed at regular intervals from the mouth to the perimeter.",Colour:,"Usually brown, blue or yellow, often with bright green, blue or white tentacular lobes.",Habitat:,Found with other  species and also on upper reef slopes exposed to strong wave action.,Abundance:,Uncommon.
Fungia seychellensis,"Hoeksema, 1993",Characters:,"Polyps are circular to elongate and up to 150 millimetres long. Mouths may occur outside the axial furrow. Septa are fine, densely packed and usually sinuous. Tentacular lobes are inconspicuous or absent.",Colour:,Pale brown.,Habitat:,Reef slopes or flat shallow substrates.,Abundance:,Rare.
Fungia spinifer,"Claereboudt and Hoeksema, 1987",Characters:,"Polyps are circular, up to 125 millimetres diameter, with a distinct central arch. Septa are densely packed and straight and have fine teeth and granulated sides.",Colour:,Brown to greyish-violet.,Habitat:,Reef slopes and lagoons.,Abundance:,Uncommon.
Fungia taiwanensis,"Hoeksema and Dai, 1991",Characters:,Polyps are elongate and up to 280 millimetres long with irregular sides. They are thick and heavy and usually have a strong central arch. Most primary septa extend from the mouth to the perimeter. There are many secondary mouths. Tentacular lobes are usually white.,Colour:,"Brown, with white tentacles.",Habitat:,Reef environments.,Abundance:,Uncommon.
Galaxea acrhelia,"Veron, 2000",Characters:,"Colonies are composed of short irregular lobe-like or truncated branches. They may be several metres across, but are usually less than 0.5 metres. Corallites are tubular, thin walled with flaring rims. Small corallites branch off larger corallites. Columellae are absent. Septa are very exsert and are commonly irregular in length. The coenosteum is soft and blistery. The whole skeleton is very fragile. Tentacles are usually extended only at night.",Colour:,Pale brown or grey with white branch ends.,Habitat:,Usually found in reef areas with good water circulation and light availability.,Abundance:,Common.
Galaxea astreata,"(Lamarck, 1816)",Characters:,"Colonies are submassive, columnar or encrusting and commonly exceed 2 metres across in turbid water. Corallites sometimes vary greatly in size depending on where they occur on the colony; they are usually 3-4.5 millimetres diameter. Usually eight to twelve septa reach the corallite centre. Tentacles are seldom fully extended during the day.",Colour:,"Usually grey, also pink, green or brown.",Habitat:,Reef environments protected from strong wave action.,Abundance:,Uncommon.
Galaxea cryptoramosa,"Fenner and Veron, 2000",Characters:,"Colonies are up to 30 cm across and consist of irregular branches composed of irregularly fused corallites which vary in size. Larger corallites have three cycles of septa. Primary septa almost reach the corallite centre where they plunge vertically. Third cycle septa are short. Septa are not as exsert as in other  species. There is no columella. Two subequal cycles of costae extend down the outer wall of all corallites, becoming submerged in the coenosteum. The surface of main branches is composed of smooth coenosteum. Tentacles are extended day and night.",Colour:,Pale brown with white tentacle tips.,Habitat:,Shallow protected reef environments.,Abundance:,Common in a wide range of habitats and may be a dominant species on inshore fringing reefs.
Galaxea fascicularis,"(Linnaeus, 1758)",Characters:,"Small colonies are cushion-shaped or low domes or are irregular. Large colonies, which frequently exceed 5 metres across, are columnar or massive. Corallites are of mixed sizes, usually less than 10 millimetres diameter with numerous septa reaching the corallite centre. Tentacles are usually extended during the day.",Colour:,"Usually green, grey, red or brown, commonly with tentacles and septa of contrasting colours. Tentacles often have conspicuous white tips.",Habitat:,Reef environments protected from strong wave action.,Abundance:,Uncommon.
Galaxea horrescens,"(Dana, 1846)",Characters:,Colonies are arborescent. Corallites are tubular and thin-walled with flaring rims. Columellae are absent. Septa are very exsert. Tentacles are usually extended only at night. They have tapering translucent tentacles with white tips.,Colour:,"Pale brown, yellow or green, sometimes with white branch ends.",Habitat:,Usually found in reef areas with good water circulation and light availability.,Abundance:,Uncommon.
Galaxea lawisiana,"Nemenzo, 1959",Characters:,"Colonies are massive or submassive and may be very large. Corallites are up to 15 mm diameter, 10-15 mm exsert, oval, angular or circular in shape. Septa are in four indistinct orders with smooth or finely serrated margins and sides. Walls are thin, solid. Costae are indistinct and usually alternate. The coenosteum is thin and blistered.",Colour:,Green or brown.,Habitat:,Reef environments.,Abundance:,Usually rare.
Galaxea longisepta,"Fenner and Veron, 2000",Characters:,"Colonies are small and always encrusting. Branches, if formed at all, are small and inconspicuous. Corallites are up to 4 millimetres diameter, with larger corallites near the colony centre, smaller ones at the periphery. They are widely separated. Septa are very long and irregular. They form three distinct cycles in larger corallites. Columellae are sometimes visible deep within the corallite. The coenosteum is blistery.",Colour:,Dark green or brown with white corallite rims.,Habitat:,Vertical rock faces protected from wave action.,Abundance:,Usually rare.
Galaxea paucisepta,"Claereboudt, 1990",Characters:,"Colonies are small, encrusting or laminar. Corallites are 2.5-3 millimetres diameter and are widely separated. The coenosteum is blistery. Septa are in two unequal cycles.",Colour:,Grey or greenish-brown.,Habitat:,Lower reef slopes protected from wave action.,Abundance:,Usually uncommon.
Gardineroseris planulata,"(Dana, 1846)",Characters:,"Colonies are massive to encrusting, sometimes with laminar margins. Corallites have poorly defined walls but are separated by acute ridges so that each corallite or group of corallites is at the bottom of a neatly rounded excavation. Columellae are present and septo-costae are fine and even. Tentacles are rarely extended and only at night.",Colour:,"Pale or dark brown, sometimes yellow or green.",Habitat:,Usually occurs on walls or under overhangs in clear water.,Abundance:,Sometimes common and may be a dominant species.
Goniastrea aspera,"Verrill, 1866",Characters:,Colonies are massive to encrusting. Corallites are angular in shape and have thick walls. Long and short septa generally alternate. Paliform lobes are well developed in colonies from turbid water but may be absent in colonies from exposed habitats.,Colour:,Usually pale brown. Corallite centres are often cream.,Habitat:,Usually intertidal habitats where different colonies may adjoin to form flat expanses frequently over 5 metres across. Also occurs in protected turbid environments.,Abundance:,"Common, may be a dominant species of subtropical reefs."
Goniastrea australensis,"(Haime and Milne Edwards, 1857)",Characters:,"Colonies are submassive, form solid plates or are encrusting. They are meandroid, with sinuous valleys. Columella centres and paliform lobes are well developed.",Colour:,Very variable but usually a uniform dull green or brown or with walls and valley floors of contrasting dull or bright colours.,Habitat:,Shallow or clear water.,Abundance:,Common but inconspicuous.
Goniastrea columella,"Crossland, 1948",Characters:,Colonies are submassive to encrusting with irregular corallites that are either monocentric up to 10 millimetres diameter or form short valleys. Walls are acute. Septa have moderately large teeth. Paliform lobes are moderately developed. Columellae are large and spongy.,Colour:,Dark green.,Habitat:,Recorded only from rocky foreshores.,Abundance:,Uncommon.
Goniastrea deformis,"Veron, 1990",Characters:,Colonies are encrusting to massive with irregular corallites up to 9 millimetres diameter. Septa have large teeth and granulated sides. Paliform lobes are usually well developed. ‘Groove and tubercle’ formations are sometimes present.,Colour:,"Dark colours, usually reddish-brown with paler oral discs.",Habitat:,Rocky foreshores of temperate locations.,Abundance:,Common.
Goniastrea edwardsi,"Chevalier, 1971",Characters:,"Colonies are massive, hemispherical or columnar and often over one metre across. Corallites are only slightly angular, with thick rounded walls. Septa are irregular in length and taper from the wall to the columellae, which are small. Paliform lobes are thick.",Colour:,"Uniform cream or brown, occasionally with orange centres.",Habitat:,Mostly shallow subtidal communities.,Abundance:,Uncommon.
Goniastrea favulus,"(Dana, 1846)",Characters:,"Colonies are mostly massive. Corallites are sometimes cerioid but are mostly submeandroid. Walls are thin, columellae are small and paliform lobes are well developed.",Colour:,Dull green or brown.,Habitat:,Usually intertidal or just subtidal but also occurs in a wide range of other habitats.,Abundance:,Uncommon.
Goniastrea minuta,"Veron, 2000",Characters:,"Colonies are usually encrusting, becoming submassive. Corallites are angular, with a uniform appearance. Walls are usually thin. Long and short septa strongly alternate. Paliform lobes are well developed, forming a neat crown.",Colour:,Uniform pale brown or greenish-brown. Wall tops are pale.,Habitat:,Shallow reef environments.,Abundance:,Usually uncommon.
Goniastrea palauensis,"(Yabe and Sugiyama, 1936)",Characters:,"Colonies are massive and usually flattened or hillocky. Polyps are cerioid, with thick walls. Columellae are small and are surrounded by a crown of tall paliform lobes. Septa are straight, with a neat appearance.",Colour:,Usually brown or dull green becoming dark in deep water. Oral discs are usually cream but may be bright green.,Habitat:,Most reef environments.,Abundance:,Common.
Goniastrea pectinata,"(Ehrenberg, 1834)",Characters:,"Colonies are submassive or encrusting. Corallites are cerioid to submeandroid. The latter usually have less than four centres. Walls are thick, paliform lobes are well developed.",Colour:,Usually pale brown or pink but may be dark brown in deep or turbid water.,Habitat:,Most shallow water environments.,Abundance:,Common.
Goniastrea peresi,"(Faure and Pichon, 1978)",Characters:,"Colonies are encrusting and helmet-shaped, with neatly scalloped lower margins. Corallites are angular and characteristically aligned in short shallow radiating valleys at the colony margin. Septa are strongly beaded. A small neat paliform crown is usually present. Budding is both intra- and extratentacular.",Colour:,Pinkish-tan.,Habitat:,Shallow reef environments.,Abundance:,Rare.
Goniastrea ramosa,"Veron, 2000",Characters:,"Colonies are small irregular clumps of branches, usually less than 0.3 metres across. Corallites are angular, with thick rounded walls. The ends of branches are ragged, being primarily composed of exsert costae. Septa are in two alternating orders and have large dentations. Columellae are small and compact. Paliform lobes form a distinct crown.",Colour:,Uniform cream or brown.,Habitat:,Reef flats sheltered from strong wave action.,Abundance:,Common.
Goniastrea retiformis,"(Lamarck, 1816)",Characters:,"Colonies are massive, hemispherical, flat or columnar, and commonly over one metre across. Corallites are four to six sided. Long and short septa clearly alternate and are thin and straight with well developed thin paliform lobes.",Colour:,"Uniform cream or pale brown, occasionally brown, pink or green.",Habitat:,Sometimes a dominant species of intertidal habitats.,Abundance:,Rare.
Goniastrea thecata,"Veron, DeVantier and Turak, 2000",Characters:,"Colonies are massive and more than one metre across. Corallites are irregular in shape, with 1-3 centres. Walls are thick. Septa are evenly spaced and strongly alternate with short septa developed only near the corallite rim. Paliform lobes are poorly developed or absent. Columellae form distinct centres. Fleshy polyp tissue forms a distinctive rim above the theca giving a subplocoid appearance.",Colour:,Steel grey.,Habitat:,Semi-exposed reef slopes.,Abundance:,Sometimes common.
Goniopora albiconus,"Veron, 2000",Characters:,"Colonies are encrusting, forming thin irregular laminae. Corallites are shallow, polygonal, and have thin walls. Corallites vary greatly in size. Septa are irregularly fused but do not form deltas. Columellae are very small. Polyps are short and even. Oral cones are exceptionally large while tentacles are short and thin. Polyps retract rapidly if disturbed.",Colour:,White oral cones are conspicuous.,Habitat:,Shallow reef environments.,Abundance:,Uncommon but distinctive.
Goniopora burgosi,"Nemenzo, 1955",Characters:,"Colonies are submassive, usually lobed, and may be large. Corallites are deep, with short septa.",Colour:,"Polyps are a mass of grey or brown tentacles when extended, the surrounding tissue is brown.",Habitat:,Shallow reef environments.,Abundance:,Uncommon.
Goniopora cellulosa,"Veron, 1990",Characters:,Colonies are massive. Walls are thin and perforated. Calices vary greatly in depth. Septa are short and irregularly fused. Columellae are irregular.,Colour:,Brown or tan.,Habitat:,Shallow reef environments.,Abundance:,Sometimes common.
Goniopora ciliatus,"Veron, 2000",Characters:,"Colonies are submassive or columnar. Columns are short and usually form clumps. Corallites are uniform, and circular in outline. Septa are widely spaced and irregular. Columellae are small. Polyps have long thin tentacles.",Colour:,Pale brown.,Habitat:,Shallow reef environments exposed to turbulence.,Abundance:,Common.
Goniopora columna,"Dana, 1846",Characters:,"Colonies are short columns, oval in transverse section. Corallites near the tops of columns have fine irregular septa and diffuse columellae. Those on the sides of columns have broad compact columellae and short septa. Colonies have large polyps with large oral cones.",Colour:,"Brown, green or yellow, usually with white oral cones. Contracted polyps usually have distinctly different colours.",Habitat:,"Forms large single species stands, especially in turbid water.",Abundance:,Common.
Goniopora djiboutiensis,"Vaughan, 1907",Characters:,"Colonies are submassive or are short thick columns. Columellae are prominent, dome-shaped, and commonly divided into six parts, each part having a deltaic pattern of four septa. Polyps have large oral cones.",Colour:,Pale or dark brown or green. Oral cones are usually white or blue (which may photograph pink).,Habitat:,May form large single species stands in turbid water.,Abundance:,Uncommon.
Goniopora eclipsensis,"Veron and Pichon, 1982",Characters:,"Colonies are small branching cylindrical columns. Corallites are circular in outline, with thick walls and septa. Six paliform lobes form a crown.",Colour:,"Uniform brown, with or without paler tentacle tips.",Habitat:,Shallow reef environments.,Abundance:,Usually uncommon.
Goniopora fruticosa,"Saville-Kent, 1891",Characters:,"Colonies are encrusting or branching, with highly fused branches. Corallites are rounded or polygonal. Columellae are broad and conspicuous. Polyps have fine, tapered tentacles.",Colour:,Dark brown with white oral discs.,Habitat:,Upper reef slopes protected from strong wave action.,Abundance:,Common.
Goniopora lobata,"Milne Edwards, 1860",Characters:,"Colonies are hemispherical or, more usually, form short thick columns. Columellae and oral cones are small. Polyps are elongate when fully extended.",Colour:,"Usually brown, yellow or green, often with contrasting oral cones and tentacle tips.",Habitat:,"Forms large single species stands, especially in turbid water.",Abundance:,Common.
Goniopora minor,"Crossland, 1952",Characters:,"Colonies are hemispherical or encrusting. Calices are circular in outline, with thick walls. There are usually six thick pali which are in contact, forming a crown. All septal structures are heavily granulated.",Colour:,"Brown or green, usually with distinctively coloured oral discs and pale tips to the tentacles.",Habitat:,"Subtidal reef environments, especially lagoons.",Abundance:,"Uncommon except at Norfolk Island, western Pacific."
Goniopora norfolkensis,"Veron and Pichon, 1982",Characters:,"Colonies are hemispherical to submassive. Calices have small columellae and long, regular, steeply plunging septa. Paliform lobes are absent. Columellae are small or absent.",Colour:,Usually greenish brown with distinctively coloured oral discs and pale tips to the tentacles.,Habitat:,Shallow reef environments.,Abundance:,Common.
Goniopora palmensis,"Veron and Pichon, 1982",Characters:,"Colonies are submassive or branching. Branches seldom fuse. Corallites are uniform, and circular in outline. Polyps have large oral cones and short pointed tentacles.",Colour:,"Brown, green or cream, often with white tentacle tips.",Habitat:,Shallow reef environments.,Abundance:,Usually uncommon.
Goniopora pandoraensis,"Veron and Pichon, 1982",Characters:,"Colonies consist of small branching columns, usually oval in transverse section. Corallites have thick walls and septa. Six thick paliform lobes form a crown.",Colour:,Dark grey-brown with white mouths and tentacle tips.,Habitat:,Shallow turbid reef environments.,Abundance:,Common.
Goniopora pearsoni,"Veron, 2000",Characters:,"Colonies are massive, hemispherical or irregular. Corallites are rounded with thick walls and have six prominent paliform lobes. Polyps are elongate.",Colour:,Uniform grey with blue mouths (which may photograph pink).,Habitat:,Shallow reef environments.,Abundance:,"Common at the Houtman Abrolhos Islands, south-west Australia, uncommon elsewhere."
Goniopora pendulus,"Veron, 1985",Characters:,"Colonies are hemispherical. Columellae are large. Polyps are large, with drooping tentacles.",Colour:,Brown or greenish-brown.,Habitat:,Protected turbid reef environments.,Abundance:,Usually uncommon.
Goniopora planulata,"(Ehrenberg, 1834)",Characters:,Colonies are submassive with small compacted columns or mounds. Corallites have thin walls. Septa are thin and irregular and do not form deltas except in colonies in very shallow water. Paliform lobes form a diffuse crown. Polyps are short with tentacles of uniform length.,Colour:,"Dark grey-brown, usually with white mouths.",Habitat:,Shallow reef environments.,Abundance:,Rare.
Goniopora polyformis,"(Zou, 1980)",Characters:,Colonies are encrusting with contorted upgrowths. Corallites are irregular in shape and have thin walls. Septa are numerous and even.,Colour:,"Brown or grey, usually with white oral cones.",Habitat:,Shallow reef environments.,Abundance:,Uncommon but distinctive.
Goniopora savignyi,"Dana, 1846",Characters:,"Colonies are columnar, usually with thin explanate basal plates. They are usually lobed, and may be large. Corallites are deep, polygonal to rounded, with short septa. Paliform lobes are prominent. Columellae are poorly developed.",Colour:,Polyps are a mass of grey tentacles when extended.,Habitat:,Shallow reef environments.,Abundance:,Uncommon but conspicuous.
Goniopora somaliensis,"Vaughan, 1907",Characters:,"Colonies are thick or thin encrusting plates, sometimes over 2 metres across, with shallow calices forming a smooth surface. Corallites are 3-5 millimetres diameter. Polyps are short, giving colonies a carpet-like appearance, but are often retracted during the day.",Colour:,"Usually grey or brown, often with polyps and surrounding tissue of contrasting colour.",Habitat:,"Sheltered reef environments, especially beneath overhangs.",Abundance:,"Usually uncommon, but conspicuous."
Goniopora stokesi,"Milne Edwards and Haime, 1851",Characters:,"Colonies are free-living or attached, hemispherical or (rarely) have short thick columns. Calices have high walls which have a ragged appearance. Columellae are broad and irregular. Small satellite colonies often occur embedded in the living tissue of parent colonies. Polyps are of mixed sizes, the larger being elongate.",Colour:,"Pale brown or green, usually with green tentacle tips.",Habitat:,"Usually found free-living, on soft substrates.",Abundance:,Uncommon.
Goniopora sultani,"Veron, DeVantier and Turak, 2000",Characters:,"Colonies are thick short columns, oval in transverse section. Corallites are similar on the tops and sides of columns. They are very large (7-8 mm diameter), compact, with thin walls and thus have have an angular shape. Columellae are broad and are mostly composed of six septal deltas. Septa are short and uniform in size and spacing. Polyps are elongate when fully extended.",Colour:,Pale cream.,Habitat:,Upper reef slopes.,Abundance:,Common.
Goniopora tenuidens,"(Quelch, 1886)",Characters:,"Colonies are massive, hemispherical or irregular. Corallites are rounded with thin walls and have six prominent paliform lobes. Polyps are closely compacted, uniform in length and have tentacles of uniform length.",Colour:,"Uniform blue (which may photograph pink), green or brown, sometimes with white tips to the tentacles.",Habitat:,"Subtidal reef environments, especially lagoons.",Abundance:,Usually uncommon.
Gyrosmilia interrupta,"(Ehrenberg, 1834)",Characters:,Colonies are submassive or laminar with free margins. They are commonly up to 0.5 metres across. Valleys are approximately 8 millimetres wide and tend to radiate and bifurcate towards the colony margins. Septa are uniformly spaced and exsert. They form a thin ridge along the walls and plunge steeply in valley centres. There are no columellae. Tentacles are extended only at night.,Colour:,Distinctive uniform greenish grey-brown.,Habitat:,Shallow reef environments protected from strong wave action.,Abundance:,Rare.
Halomitra clavator,"Hoeksema, 1989",Characters:,"Colonies are free-living, irregular and dome- or bell-shaped or flat. They are usually attached to the substrate. They are thin and fragile. Septa have distinctive knob-shaped teeth. They are mostly perpendicular to the colony margin, but are sometimes in two or more groups, one group being perpendicular to the colony margin.",Colour:,Brown with pale margins. Corallite centres may be white.,Habitat:,Sheltered habitats.,Abundance:,Rare.
Halomitra meierae,"Veron and Maragos, 2000",Characters:,"Colonies are free-living, circular in outline and are flat or form a central dome. Most colonies are regenerated from fragments and thus have a central area of parallel septo-costae (the original fragment) surrounded by a border of peripheral septo-costae which are perpendicular to the margin. Mouths are distinctive in the central area, but are small or absent in peripheral areas. Septo-costae are in two or three orders. Septal spines are tall with elaborated teeth.",Colour:,Grey-brown. Mouths are not distinctively coloured.,Habitat:,Sheltered habitats.,Abundance:,Usually uncommon.
Halomitra pileus,"(Linnaeus, 1758)",Characters:,"Colonies are large, free-living, thin and delicate, and circular, dome or bell-shaped. They have no axial furrow. Corallites are widely spaced and increase in size as the colony grows. In small colonies, septo-costae radiate in a fan from the initial point of growth or are perpendicular to the colony margin, in which case they form distinct lines of demarcation. Septa have teeth similar to those of . Tentacles of mature colonies are extended only at night; those of juvenile colonies are commonly extended during the day.",Colour:,"Pale brown, frequently with bright pink or purple margins. Corallite centres are commonly white.",Habitat:,Middle to lower reef slopes protected from wave action and lagoons on soft substrates.,Abundance:,Common.
Heliofungia actiniformis,"(Quoy and Gaimard, 1833)",Characters:,"Polyps are solitary, free-living (except for juveniles) and flat, with a central mouth. Septa have large lobed teeth. Polyps are among the largest of all corals. Tentacles are extended day and night and are long, similar to those of giant anemones. There is one mouth up to 30 millimetres wide.",Colour:,Pale or dark blue-green or grey tentacles with white or pink tips. The oral disc is striped.,Habitat:,Usually found on flat soft or rubble substrates especially in reef lagoons or shallow turbid environments.,Abundance:,Common.
Herpolitha limax,"(Esper, 1792)",Characters:,"Colonies are usually elongate and generally have rounded ends. Mouths occur within the axial furrow which runs most of the length of the colony. Secondary mouths outside the furrow are numerous. Few if any primary septo-costae extend from the axial furrow to the perimeter. Some colonies develop forked axial furrows and become Y, T or X shaped. Tentacles are extended only at night.",Colour:,Pale or dark brown or greenish-brown.,Habitat:,Reef slopes and lagoons where  occurs.,Abundance:,Uncommon.
Herpolitha weberi,"(van der Horst, 1921)",Characters:,"Colonies are flat, narrow and elongate, usually with pointed ends. Mouths occur only within the axial furrow, which runs to the tips of the colony. Usually all septo-costae extend from the axial furrow to the perimeter. Tentacles may be extended day and night.",Colour:,Pale brown or mottled.,Habitat:,Shallow reef environments.,Abundance:,May be locally abundant (commonly 40 individuals per square metre).
Heterocyathus aequicostatus,"Milne Edwards and Haime, 1848",Characters:,"Sometimes zooxanthellate. Corals are solitary, free-living, and have a flat base. They have a commensal relationship with a sipunculid worm () which moves the coral about on soft substrates and prevents it from becoming buried. Tentacles are usually extended only at night. Larvae initially settle on a microgastropod shell which they usually envelop during subsequent growth. Corals have only one corallite which is circular. They have prominent costae.",Colour:,"Pale brown, often with a greenish oral disc.",Habitat:,"Always found on soft horizontal substrates at depths of 20 metres or more, usually in association with  and .",Abundance:,Up to three hundred individuals per square metre have been found on the Great Barrier Reef.
Heteropsammia cochlea,"(Spengler, 1781)",Characters:,"Corals are free-living, with a base that is flat or keeled primarily according to the nature of the substrate. Larvae initially settle on a microgastropod shell which they envelop during subsequent growth. They have an obligate commensal relationship with a sipunculid worm () and usually have one parasitic mussel () embedded above the sipunculid. The sipunculid moves the coral about on soft substrates and prevents it from becoming buried. Individual corals are rounded, up to 25 millimetres diameter. They usually have one or two corallites; where there is one it is usually hourglass-shaped. Some populations have colonies with up to 30 corallites. Corallites have well developed septa which follow Pourtalès plan. Columellae are broad, compact, and deep seated. Walls are composed of porous coenosteum. Tentacles are usually fully extended only at night. They are zooxanthellate in tropical localities but are possibly azooxanthellate in temperate locations and in deep water.",Colour:,"Pale grey, orange-brown or greenish.",Habitat:,Almost always found on soft horizontal substrates at depths of 20 metres or more. Usually occurs in association with  and .,Abundance:,Unknown.
Heteropsammia moretonensis,"Wells, 1964",Characters:,"Solitary, free-living, cup-shaped, solitary. Calices are oval, up to 9 mm long. Individuals have a basal hole and 3-8 pores created by a commensal sipnculid worm. Septa are in four cycles irregularlu fused along inner margins and bifurcated towards the wal. The columella is dense and all skeleta structures are porous.",Colour:,Bright salmon pink.,Habitat:,Soft protected substrates.,Abundance:,Rare.
Horastrea indica,"Pichon, 1971",Characters:,"Colonies are massive and mostly hemispherical. Corallites are large and plocoid, tending to become flabello-meandroid with several centres. Septa are in three orders. Costae are well developed.",Colour:,Pale brown with blue-grey oral discs.,Habitat:,Sandy reef areas.,Abundance:,Uncommon.
Hydnophora bonsai,"Veron, 1990",Characters:,"Colonies are encrusting, with stunted branches which are irregular in section. Monticules are fine and fused into irregular ridges.",Colour:,Green or pale brown.,Habitat:,Rocky foreshores.,Abundance:,Common.
Hydnophora exesa,"(Pallas, 1766)",Characters:,"Colonies are submassive, encrusting, or subarborescent. Much of this variation may occur in the same colony but some colonies are composed only of encrusting plates. Hydnophores are 5-8 millimetres diameter. Tentacles are often extended day and night; they are long and shaggy and of uniform length.",Colour:,Cream or dull green.,Habitat:,"All reef environments, but especially lagoons and protected slopes.",Abundance:,Uncommon.
Hydnophora microconos,"(Lamarck, 1816)",Characters:,"Colonies are massive and rounded, with small uniform monticules 2-3 millimetres diameter. Polyps are not extended during the day.",Colour:,"Dull cream, brown or green.",Habitat:,All reef environments but primarily in lagoons and protected slopes in the Pacific and wave washed reef flats in the Red Sea.,Abundance:,Uncommon.
Hydnophora pilosa,"Veron, 1985",Characters:,"Small colonies have encrusting, laminar or submassive bases with short columns or branches. Large colonies are hemispherical, consisting of compact fused branches. Branches are sometimes flattened towards their tips. Monticules are low and rounded and sometimes little-developed. Tentacles are extended day and night; they are long and shaggy and of uniform length.",Colour:,"Polyps are dark brown or blue-grey, tentacles have white tips.",Habitat:,Shallow reef environments protected from strong wave action.,Abundance:,Sometimes common and may form extensive single species stands.
Hydnophora rigida,"(Dana, 1846)",Characters:,"Colonies are composed of irregular, usually flattened branches with or without encrusting bases. Monticules are usually fused into ridges down branch sides. Main branches are 7-12 millimetres thick.",Colour:,Cream or green.,Habitat:,"Shallow reef environments, especially lagoons and protected reef slopes.",Abundance:,Rare.
Indophyllia macassarensis,"Best and Hoeksema, 1987",Characters:,"Solitary, free-living when mature, up to 45 millimetres diameter. Walls are indistinct beneath the septo-costae, which are in three orders. Teeth are large and lobed. Columellae are broad and compact. A paliform crown may be distinguishable. Tentacles are fleshy and transparent, making it possible to see the underlying skeleton.",Colour:,Usually pale brown of cream.,Habitat:,Deep sandy substrates where other free-living corals are found.,Abundance:,Usually uncommon.
Isophyllia rigida,"(Dana, 1846)",Characters:,"Colonies are massive and cerioid or have several centres in a short series. Columellae are rudimentary. Septa are thin, with pointed fine teeth.",Colour:,Usually mottled grey-green with valleys and walls of contrasting colours.,Habitat:,"Most reef environments, but especially surge channels.",Abundance:,Uncommon.
Isophyllia sinuosa,"(Ellis and Solander, 1786)",Characters:,"Colonies are massive and meandroid, with short, sinuous valleys. Septa are thin, with pointed fine teeth. Columella centres are hardly distinguishable.",Colour:,"Usually light green, lavender or yellow, with valleys and walls of contrasting colours.",Habitat:,Shallow protected reef environments.,Abundance:,Common.
Isopora brueggemanni,"(Brook, 1891)",Characters:,Colonies are prostrate or irregularly branched. Branches taper towards their ends. There may be one or more axial corallites which are almost immersed. Radial corallites are smooth and rounded. The coenosteum is smooth and composed of fine spinules with elaborated tips.,Colour:,Pale or dark brown with pale corallites.,Habitat:,"Shallow water, especially exposed upper reef slopes and sand flats.",Abundance:,Common in Indonesia.
Isopora crateriformis,"(Gardiner, 1898)",Characters:,"Colonies are solid encrusting plates sometimes over one metre diameter. Plates are covered by corallites of irregular sizes and shapes, sometimes with a tendency to form short branchlets. Axial, incipient axial and radial corallites all intergrade and all corallites are smooth and rounded.",Colour:,"Pale brown, commonly with pink or blue margins.",Habitat:,"Shallow reef environments, especially reef flats exposed to strong wave action.",Abundance:,"Common, but less so than ."
Isopora cuneata,"(Dana, 1846)",Characters:,"Colonies are generally submassive or solid plates, usually without axial corallites. Multiple axial corallites, if present, are on branch margins. Corallites are smooth, rounded and not very exsert. The coenosteum is composed of fine spinules with elaborated tips.",Colour:,Pale cream or brown.,Habitat:,"Occurs in all reef environments, especially upper reef slopes and reef flats.",Abundance:,"Common in Papua New Guinea, uncommon elsewhere."
Isopora cylindrica,"(Veron and Fenner, 2000)",Characters:,Colonies have thick sturdy branches which are circular in cross section and form clumps that may be several metres across. Branches slightly taper and have a single dome-shaped axial corallite. Radial corallites are small and immersed. The coenosteum is smooth.,Colour:,Dark brown with white branch ends.,Habitat:,"Shallow water, especially exposed upper reef slopes and flats.",Abundance:,Common.
Isopora elizabethensis,"(Veron, 2000)",Characters:,"Colonies are columnar or consist of thick irregular upright branches. Branches divide at infrequent intervals and sometimes fuse. One or more poorly defined axial corallites are formed at branch ends. Incipient axial corallites form along ridges. Radial corallites are tubular and irregular in length, giving branch surfaces a rough texture. The coenosteum is composed of fine spinules with elaborated tips.",Colour:,Pale to dark brown.,Habitat:,Shallow reef environments and rocky foreshores.,Abundance:,The most abundant coral of the northern Great Barrier Reef where it is the dominant species of most exposed outer reef slopes. Usually less dominant elsewhere in Australia and most other countries.
Isopora palifera,"(Lamarck, 1816)",Characters:,"Colonies are encrusting plates or thick ridges, columns or branches. Branches are usually upright, but are commonly horizontal or irregular in shape, depending on exposure to wave action. There are usually no axial corallites. Corallites are smooth, rounded and exsert. The coenosteum is composed of fine spinules with elaborated tips.",Colour:,Pale cream or brown.,Habitat:,Occurs in all reef environments.,Abundance:,Locally common.
Isopora togianensis,"(Wallace, 1997)",Characters:,Colonies have thick sturdy branches which are circular in cross section and diverge from a solid base. Branches slightly taper and have a single dome-shaped axial corallite. Radial corallites are small and immersed. The coenosteum is composed of fine spinules with elaborated tips which are raised into -like tuberculae.,Colour:,Dark brown with white branch ends.,Habitat:,"Shallow water, especially exposed upper reef slopes and flats.",Abundance:,"Rare, except at Cocos (Keeling) Atoll."
Leptastrea aequalis,"Veron, 2000",Characters:,"Colonies are massive to encrusting. Corallites are rounded and clearly plocoid, with thick walls. Corallites are often uniformly inclined on the colony surface. Septa are in two indistinct orders, primary septa being numerous and equal. ‘Groove and tubercle' formations are rare.",Colour:,Cream with dark calices.,Habitat:,Shallow reef environments.,Abundance:,Sometimes locally abundant.
Leptastrea bewickensis,"Veron, Pichon and Wijsman-Best, 1977",Characters:,"Colonies are massive, flat or hillocky. Septa are in unequal cycles with approximately six widely spaced exsert primary septa plunging down to a small columella. Columellae are simple fused ridges. Tentacles are sometimes partly extended during the day.",Colour:,"Dark grey, tan or brown.",Habitat:,Sheltered reef environments.,Abundance:,Uncommon.
Leptastrea bottae,"(Milne Edwards and Haime, 1849)",Characters:,"Colonies are massive to encrusting. Corallites are cylindrical, separated only by a groove. Septa are in three cycles, the longest being distinctive and exsert. ‘Groove and tubercle’ formations are sometimes well developed.",Colour:,White or cream with darker calices.,Habitat:,Shallow reef environments.,Abundance:,Uncommon.
Leptastrea inaequalis,"Klunzinger, 1879",Characters:,"Colonies are massive and plocoid, with small barrel-shaped corallites (usually up to 3 mm diameter but occasionally 5 mm) of varying appearance, irregularly separated by deep grooves. Septa are in two (rarely three) unequal cycles, primary septa being wedge-shaped. ‘Groove and tubercle’ formations are usually well developed.",Colour:,"Usually combinations of cream, green and yellow, with darker calices.",Habitat:,A wide range of reef environments.,Abundance:,Uncommon.
Leptastrea pruinosa,"Crossland, 1952",Characters:,"Colonies are generally flat with angular, cerioid corallites. Septa are in distinctive cycles and have granulated sides and margins. Tentacles are usually extended during the day.",Colour:,Commonly chocolate brown or pink with green or cream calices.,Habitat:,Shallow clear water.,Abundance:,Common.
Leptastrea purpurea,"(Dana, 1846)",Characters:,"Colonies are generally flat with angular, cerioid corallites which vary in size within the same colony. Colonies on reef flats may have several corallites in shallow valleys. Septa are tightly compact, approximately similar in size, and have margins that slope uniformly towards the corallite centre. Columellae are small and compact.",Colour:,"Usually pale yellow, greenish or cream on the upper surface and dark sides.",Habitat:,A wide range of reef environments.,Abundance:,Uncommon.
Leptastrea transversa,"Klunzinger, 1879",Characters:,"Colonies are generally flat with angular, cerioid corallites. Septa are not tightly compact and plunge steeply near the columella. Columellae consist of a few pinnules aligned in a row and often fused.",Colour:,"Usually grey, green or yellow with dark sides to the colony.",Habitat:,A wide range of reef environments.,Abundance:,Uncommon.
Leptoria irregularis,"Veron, 1990",Characters:,"Colonies are submassive or laminar, up to 1.5 metres across. Valleys are 3-4 millimetres wide, usually perpendicular to colony margins, becoming sinuous towards the colony centre. Septa are irregular, with strong teeth. Columellae do not form centres and are not laminar.",Colour:,Pale blue-grey to translucent white.,Habitat:,Upper reef slopes.,Abundance:,"Common, especially on upper reef slopes."
Leptoria phrygia,"(Ellis and Solander, 1786)",Characters:,"Colonies are massive, submassive or ridged, occasionally columnar, with an even surface and dense skeleton. Corallite valleys are sinuous and uniform. Septa are uniformly spaced and are of equal size. Columellae are plate-like with a lobed upper margin and do not form centres.",Colour:,"Cream, brown or green, with walls and valleys of contrasting colours.",Habitat:,Occurs in most reef environments except where the water is turbid.,Abundance:,Rare.
Leptoseris amitoriensis,"Veron, 1990",Characters:,Colonies are tiers or whorls of broad fronds with fluted edges. Corallites are widely spaced and are approximately in rows parallel to the frond margins. They are small and superficial becoming smaller towards the frond margins.,Colour:,Pale to dark brown.,Habitat:,Lower reef slopes protected from wave action.,Abundance:,Seldom seen by divers.
Leptoseris cailleti,"(Duchassaing and Michelotti, 1864)",Characters:,"Colonies are horizontal, unifacial, subdividing fronds which are highly twisted and may fuse. Corallites are aligned on the centre of narrow parts of fronds or several may be aligned transversely on broad parts. They are strongly outwardly inclined.",Colour:,Pale brown.,Habitat:,Restricted to deep water (below 30 metres).,Abundance:,Sometimes common.
Leptoseris cucullata,"(Ellis and Solander, 1786)",Characters:,"Colonies are flat plates which may be encrusting or tiered. Corallites are closely compacted, large, outwardly inclined, with a tendency to form concentric rows. Septo-costae strongly alternate.",Colour:,"Brown, sometimes with pale margins and/or pale corallite centres.",Habitat:,Shallow or deep reef environments.,Abundance:,Uncommon.
Leptoseris explanata,"Yabe and Sugiyama, 1941",Characters:,"Colonies are composed of unifacial laminae which may be horizontal with entire or lobed margins, or contorted and partly upright. Corallites are widely spaced and outwardly inclined. Long and short septo-costae alternate strongly and form fine but conspicuous radiating striations.",Colour:,"Pale brown or yellow-brown, often with white margins.",Habitat:,"Usually found on vertical or overhung faces, especially of lower reef slopes.",Abundance:,Uncommon.
Leptoseris foliosa,"Dinesen, 1980",Characters:,"Colonies are laminar, either encrusting or in whorls or tiers, with or without radiating folds. Corallites are in irregular rows parallel to the margins. They are outwardly inclined, small and shallow. Columellae are conspicuous. Septo-costae are fine.",Colour:,"Cream or brown, often pale colours in the Red Sea.",Habitat:,Usually found on vertical or overhung walls.,Abundance:,Uncommon.
Leptoseris gardineri,"van der Horst, 1921",Characters:,"Colonies are horizontal, unifacial, subdividing fronds. Stands may be over 10 metres across. Corallites are aligned on the centre of narrow parts of fronds or several may be aligned transversely on broad parts. They are outwardly inclined.",Colour:,Pale cream or orange-brown.,Habitat:,Usually occurs on lower reef slopes with soft substrates.,Abundance:,Uncommon.
Leptoseris hawaiiensis,"Vaughan, 1907",Characters:,"Colonies are foliose to encrusting laminae. Corallites are deep and rounded, irregularly distributed and mostly outward facing. A central corallite is often distinguishable, especially in small colonies where peripheral corallites may be small or absent. Septo-costae are even, giving the coenosteum a smooth appearance.",Colour:,"Brown or green, sometimes mottled.",Habitat:,Usually found on vertical or overhanging walls.,Abundance:,Uncommon.
Leptoseris incrustans,"(Quelch, 1886)",Characters:,"Colonies are primarily encrusting but may develop broad explanate laminae. These laminae often have radiating ridges. Corallites are small, closely compacted and superficial. The coenosteum commonly has -like monticules. Septo-costae are thin and equal, giving colonies a smooth surface. Columellae are small styles.",Colour:,Pale to dark brown or greenish-brown.,Habitat:,Shallow reef environments.,Abundance:,Rare.
Leptoseris kalayaanensis,"Licuanan and Aliño, 2009",Characters:,"Colonies are mostly encrusting but forming unifacial laminae. Corallites are elliptical 1.8-3.6 mm diameter, with a deep central fossa . Septocostae are of similar siz, compact and irregularly fuse or are petalloid. Columellae are small. The colony surface is dominated by prominent tuberculae-like spines which do not contain corallites.",Colour:,Cream or tan.,Habitat:,Reef habitats.,Abundance:,Sometimes common.
Leptoseris mycetoseroides,"Wells, 1954",Characters:,Colonies are encrusting or laminar plates which frequently exceed one metre across. Plates have small irregular folds on the surface. Corallites are crowded between the folds except towards the periphery where they are aligned in rows parallel to the margins. They are outwardly inclined. Septo-costae are fine and even.,Colour:,"Mottled brown and green, usually dark colours if shaded.",Habitat:,"Reef slopes protected from wave action, especially steeply sloping or vertical walls.",Abundance:,Usually uncommon but may be a dominant species.
Leptoseris papyracea,"(Dana, 1846)",Characters:,"Colonies are delicate, unifacial, contorted, irregularly divided fronds, each frond having just a few corallites. Tentacles are sometimes extended during the day.",Colour:,Pale brown upper surface. Pale brown or white undersurface.,Habitat:,"Usually restricted to inter-reef areas on soft horizontal substrates where there is little sediment movement, but occasionally occurs in shallow habitats between the branches of other corals.",Abundance:,Usually uncommon.
Leptoseris scabra,"Vaughan, 1907",Characters:,Colonies are composed of foliose to encrusting unifacial laminae which may become highly contorted forming hollow columns or tubes. A central corallite may be distinguishable. Corallites become more widely spaced towards the colony perimeter. They are irregular and usually outwardly inclined. Long and short septo-costae strongly alternate and are interlinked in complex patterns.,Colour:,"Dull grey, brown or green, usually with white margins.",Habitat:,Usually found on vertical or overhung walls in deeper water.,Abundance:,Uncommon.
Leptoseris solida,"(Quelch, 1886)",Characters:,Colonies are encrusting and do not have a conspicuous central corallite. The surface may be folded and sometimes forms tubes. Corallites are inclined towards the colony margins and are distributed irregularly. Corallites have small openings. Septo-costae are granulated and alternate. Those of adjacent corallites commonly join to form angular lines. Corallite-like mounds commonly occur between corallites.,Colour:,Brown with white margins.,Habitat:,Reef slopes.,Abundance:,Rare.
Leptoseris striata,"Fenner and Veron, 2000",Characters:,"Colonies are small (less than 50 mm across), partly encrusting and have one or several conspicuous central corallites. Peripheral corallites are small or may be absent. Peripheral corallites are inclined towards the colony margins and are distributed irregularly. They have small openings. Septo-costae are granulated and strongly alternate. These radiate from the central corallites giving the colony a striped appearance.",Colour:,Brown or yellowish with white margins and white tops to costae.,Habitat:,Deep reef slopes.,Abundance:,Uncommon.
Leptoseris tubulifera,"Vaughan, 1907",Characters:,"Colonies are horizontal to vertical, unifacial, broad, irregular fronds. Fronds form upright cylindrical tubes which may be tall and branched. Corallites are irregular and only slightly outwardly inclined.",Colour:,Pale- or orange-brown.,Habitat:,Deep water.,Abundance:,Uncommon but conspicuous.
Leptoseris yabei,"(Pillai and Scheer, 1976)",Characters:,"Colonies are laminar, in whorls or tiers or vase-shaped. They are commonly over one metre across. Corallites are enclosed in rectangular pockets formed between radiating ridges and low walls which are parallel to frond margins. Septo-costae are moderately exsert and alternate.",Colour:,"Usually pale brown or yellowish, sometimes with white margins.",Habitat:,Usually found on flat substrates.,Abundance:,Usually uncommon.
Lithophyllon lobata,"(van der Horst, 1921)",Characters:,"Usually only one large central corallite is formed and this is distinctive. Peripheral corallites are usually much smaller. Sometimes there is a small cluster of central corallites. Septo-costae radiate from the central corallite, are thin, wavy and exsert and may have tentacular lobes.",Colour:,"Brown, may be mottled.",Habitat:,Reef environments and rocky foreshores.,Abundance:,Uncommon.
Lithophyllon mokai,"Hoeksema, 1989",Characters:,"Colonies are small (up to 80 mm across), attached and encrusting. A central corallite is usually distinguishable in small colonies. Septo-costae are similar to those of . Tentacles are usually extended only at night.",Colour:,Usually tan.,Habitat:,Shallow reef environments.,Abundance:,Usually uncommon.
Lithophyllon undulatum,"Rehberg, 1892",Characters:,Colonies are encrusting or form flat laminae with lobed margins. There is usually no central corallite. Septo-costae are thin and exsert.,Colour:,"Deep green or brown in the northern part of the range, dark blue with white corallite centres in the southern part.",Habitat:,Reef environments and rocky foreshores.,Abundance:,Sometimes common.
Lobophyllia corymbosa,"(Forskål, 1775)",Characters:,"Colonies are flat or hemispherical and mostly phaceloid with one to three centres per branch. They seldom exceed 0.5 metres across except in the Red Sea where they commonly exceed 2 metres. Calices are deep, with well defined walls. Septa are thick near the walls and thin within the calice. Septal teeth are tall and blunt, decreasing in size towards the columella.",Colour:,"Greenish brown, grey or mustard, usually with pale centres.",Habitat:,Upper reef slopes.,Abundance:,Uncommon.
Lobophyllia dentatus,"Veron, 2000",Characters:,"Colonies are flat to hemispherical and up to 2 metres across. They have tusk-like, elongate, closely compacted monocentric corallites. Individual corallites unite only at the base of the colony. Primary septa are very exsert, with long teeth. The exsert primary septa have a spoke-like appearance underwater.",Colour:,Uniform grey.,Habitat:,Upper reef slopes and lagoons.,Abundance:,Uncommon.
Lobophyllia diminuta,"Veron, 1985",Characters:,"Colonies are small, flat or dome-shaped. Corallites are phaceloid and usually monocentric, but may have up to three centres. Corallites average 16 millimetres diameter. Septal teeth are few in number but are long and conspicuous. Columellae are circular or oval and are well developed.",Colour:,"Mottled orange, green or white, usually with pale mouths.",Habitat:,Upper reef slopes and lagoons.,Abundance:,Usually uncommon.
Lobophyllia flabelliformis,"Veron, 2000",Characters:,"Colonies are large, usually dome-shaped. They are flabello-meandroid with closely compacted elongate valleys. Despite a robust appearance, large colonies readily break apart. Polyps have a thick fleshy mantle which obscures the underlying skeletal structure and thus this species appears to be a  underwater. If the mantle is touched it retracts revealing the underlying growth-form, where valleys have no walls in common. The mantle is covered with elongate papillae that may resemble tentacles.",Colour:,Uniform dark grey-brown.,Habitat:,Most shallow reef environments.,Abundance:,Uncommon.
Lobophyllia hataii,"Yabe, Sugiyama and Eguchi, 1936",Characters:,"Colonies are flabello-meandroid at the periphery, and submeandroid at the centre. Valleys are shallow, with flat floors. Columellae are usually in two rows except at valley ends, or are distributed evenly on flat areas.",Colour:,Usually brown or green. Valley floors and walls are usually of contrasting colours.,Habitat:,Upper reef slopes protected from wave action.,Abundance:,Frequently a dominant species and may form extensive single species stands.
Lobophyllia hemprichii,"(Ehrenberg, 1834)",Characters:,"Colonies are flat to hemispherical and may be over 5 metres across. Several colonies (which may be different colours and have polyp mantles of different texture) may grow together to form a single composite stand. Colonies are phaceloid to flabello-meandroid, the latter with valleys dividing irregularly as growing space permits. Septa taper in thickness from the wall to the columella and have tall sharp teeth. Retracted polyps are thick and fleshy, with either smooth or rough mantles.",Colour:,Uniform in colour or with two or more colours concentric to mouths or valley walls. All corallites of the same colony have the same colours.,Habitat:,Upper reef slopes.,Abundance:,Usually uncommon.
Lobophyllia pachysepta,"Chevalier, 1975",Characters:,"Colonies are flat or hemispherical, phaceloid or partly flabello-meandroid and are seldom more than 0.5 metres across. Corallites are 40-50 millimetres diameter and are circular to irregular in outline. Primary septa are thick, with three to five long lobed teeth. Columellae are large and usually diffuse. Costae are poorly developed.",Colour:,Uniformly dark green or grey with yellowish primary septa.,Habitat:,Protected upper reef slopes and lagoons.,Abundance:,Uncommon.
Lobophyllia robusta,"Yabe and Sugiyama, 1936",Characters:,"Colonies usually consist of a few corallites but may become large and hemispherical. Corallites are large, phaceloid and mostly monocentric. Septa have tall sharp teeth. Polyps are thick and fleshy, with a rough surface.",Colour:,"Blue-grey, sometimes with pale valley floors or septo-costae. All corallites of the same colony have the same colour.",Habitat:,Most reef environments.,Abundance:,Uncommon.
Lobophyllia serratus,"Veron, 2000",Characters:,"Well developed colonies are hemispherical and commonly over 2 metres across. Corallites are large (averaging 50 mm diameter), becoming flabello-meandroid, with one to three centres. Septa have tall sharp teeth. Polyps are thick and fleshy, with a rough surface. The margins of polyps are extended to form a distinct serrated rim.",Colour:,Blue-grey to mustard with white polyp margins.,Habitat:,Protected reef environments.,Abundance:,"Common, but seldom seen by divers."
Madracis asanoi,"Yabe and Sugiyama, 1936",Characters:,"This is a primarily azooxanthellate species forming extensive thickets. Colonies consist of clumps of fine twisted branches. Corallites are subcerioid, closely compacted and circular, with solid conical columellae. Usually ten septa are present. These are exsert and fused with the columella deep within the corallite. The coenosteum is covered by fine spinules. Tentacles are usually extended only at night.",Colour:,Mottled brown or green.,Habitat:,"Deep water, usually below 50 metres depth.",Abundance:,Uncommon.
Madracis asperula,"Milne Edwards and Haime, 1850",Characters:,"This is a primarily azooxanthellate species. Colonies consist of clumps of fine twisted branches, usually with encrusting bases. Corallites are subcerioid and rounded in outline, with solid conical columellae. Usually ten primary septa are present and these are fused with the columella. Secondary septa are weakly developed or absent. The coenosteum is covered by coarse spinules.",Colour:,Brown.,Habitat:,Rocky foreshores below 12 metres depth.,Abundance:,Uncommon.
Madracis carmabi,"Vermeij, Diekmann and Bak, 2003",Characters:,"Colonies are short thick branches. Corallites are rounded, approximately 10 mm diaeter, not exsert except for primary septa of which there are 10. A second cycle may be formed. Primary septa fuse with the columella which are large solid domes. Small paliform lobes are usually present. Costae are indistinct. A row of coenosteum spinules occure midway between corallites.",Colour:,Greenish-yellow with green polyps.,Habitat:,Reef habitats.,Abundance:,Sometimes common.
Madracis decactis,"(Lyman, 1859)",Characters:,"Colonies are nodular, laminar or encrusting. Nodules are usually flattened in section and club-shaped. Corallites are widely separated and circular to angular in outline, with a solid conical columella. Usually ten septa are present and these are fused with the columella. The coenosteum has fine spinules which sometimes form a ridge between the corallites.",Colour:,Pale to dark greenish-brown or yellowish-green with pale branch tips. Bluish-grey in Brazil. Oral discs are usually not distinctive.,Habitat:,"Usually occurs in shallow water, but also found in low light conditions.",Abundance:,Uncommon.
Madracis formosa,"Wells, 1973",Characters:,"Colonies are usually columnar. The columns are club-shaped, sometimes divide, and are slightly flattened in section. Corallites are widely separated, circular in outline, with a solid conical columella. Eight primary septa are distinctive. The coenosteum has fine spinules.",Colour:,Usually green with yellow oral discs.,Habitat:,Lower reef slopes protected from wave action.,Abundance:,Rare.
Madracis kirbyi,"Veron and Pichon, 1976",Characters:,"Colonies are submassive, encrusting, nodular or columnar, columns being club-shaped. Corallites are subcerioid, closely compacted and angular in outline, with solid conical columellae. Usually ten septa are present and these are fused with the columella. The coenosteum is covered by fine spinules. Tentacles are usually extended only at night.",Colour:,"The oral disc is green or white, the coenosteum mottled brown and reddish-brown.",Habitat:,Most reef environments but especially turbid ones.,Abundance:,Common.
Madracis mirabilis,"(Duchassaing & Michelotti, 1860)",Characters:,"Colonies are branching. Corallites are widely separated, sometimes angular in outline, with a solid conical columella. Usually ten septa are present and these are fused with the columella. The coenosteum has fine spinules which sometimes form a ridge between corallites. Tentacles are extended day and night.",Colour:,"Light yellow, cream or pale brown.",Habitat:,Shallow reef environments.,Abundance:,Rare except in caves.
Madracis pharensis,"(Heller, 1868)",Characters:,"This is usually an azooxanthellate species in the Mediterranean, but usually zooxanthellate on the American coast. Colonies are encrusting or nodular. Corallites are compact and slightly polygonal in outline. Septa are in two, alternating, cycles. Ten primary septa are fused with the columella. The second cycle is shorter but well developed.",Colour:,"Red, pink, grey or green, partly depending on the presence or absence of zooxanthellae.",Habitat:,Deep water.,Abundance:,Rare.
Madracis senaria,"Wells, 1973",Characters:,Colonies are encrusting. Corallites are widely separated and circular in outline. They have six exsert septa which are fused with the columella. A second cycle of septa is rudimentary. The coenosteum has fine blisters.,Colour:,Unknown.,Habitat:,Deep water.,Abundance:,Usually uncommon.
Manicina areolata,"(Linnaeus, 1758)",Characters:,Colonies are either free-living or attached; the former have a cone-shaped undersurface. Small colonies are oval shaped and consist of a central axial valley with short side valleys. Larger colonies are hemispherical and meandroid. There is a conspicuous ambulacral groove along the tops of valley walls. Septa are thick and even.,Colour:,"Usually uniform pale orange-brown but may be a variety of browns, greys and greens with contrasting colours of valleys and walls.",Habitat:,"Subtidal seagrass beds where colonies are small and free-living, also shallow reef environments where colonies are attached and become hemispherical.",Abundance:,Sometimes locally common.
Meandrina brasiliensis,"(Milne Edwards and Haime, 1848)",Characters:,Colonies are mostly free living. They have short flabello-meandroid valleys with wavy margins. Colonies may consist of one valley or a few valleys radiating from the original point of growth. Septo-costae tend to be in two neatly alternating orders.,Colour:,Tan or yellowish-brown.,Habitat:,Clear protected water with horizontal or rubble substrates.,Abundance:,Common.
Meandrina danae,"(Milne Edwards and Haime, 1848)",Characters:,"Colonies are free-living or have a basal attachment and consist of a single short valley. Septa are solid, in two unequal orders, have smooth sides and edges except for some lobed dentation near the columella, which is solid and conspicuous. The wall is thin and solid.",Colour:,Greenish-yellow.,Habitat:,Reef habitats.,Abundance:,Uncommon.
Meandrina jacksoni,"Pinzón and Weil, 2011",Characters:,"Colonies are up to 1 m wide, submassive to encrusting with radiating or sinuous valleys. Septa are solid, thin, regularly spaced with smooth sides and edges, not conspicuously exsert. There is no ambulacral groove.",Colour:,Pale cream or yellow.,Habitat:,Reef habitats.,Abundance:,Usually uncommon but conspicuous.
Meandrina meandrites,"(Linnaeus, 1758)",Characters:,"Colonies are submassive and meandroid, often forming thick plates. Valleys radiate from the original point of growth and divide at regular intervals maintaining a constant width. Septo-costae of adjacent valleys are seldom joined at the top of valley walls and are evenly spaced. Orders alternate at the colony periphery and sometimes elsewhere.",Colour:,Grey or pale brown.,Habitat:,Most reef environments.,Abundance:,"Usually common, rare in the Red Sea."
Merulina ampliata,"(Ellis and Solander, 1786)",Characters:,"Colonies are laminar or subarborescent, with these different growth-forms characteristically occurring together in large colonies. However, colonies may be composed only of plates or, in shallow water, primarily of branches. Valleys are short, straight, and spread in a fan before dividing. They radiate from the colony centre on flat surfaces, but are highly contorted on branches. Flat surfaces often have concentric growth lines. Tentacles are usually extended only at night.",Colour:,"A variety of pale colours, usually blue (which may photograph pink) or pale brown.",Habitat:,"A wide variety of reef environments, especially lagoons.",Abundance:,Common.
Merulina scabricula,"Dana, 1846",Characters:,"Colonies are laminar or subarborescent, with these different growth-forms characteristically occurring together in large colonies. Valleys are short, straight, and spread in a fan before dividing. They radiate from the colony centre on flat surfaces, but are highly contorted on branches. Flat surfaces often have concentric growth lines. Tentacles are extended only at night. Well developed colonies always have some branch development.",Colour:,Blue or pale brown with blue margins (which may photograph pink). Tentacles are extended only at night.,Habitat:,"A wide variety of reef environments, especially lagoons and upper slopes.",Abundance:,"Common, but less conspicuous than other ."
Merulina scheeri,"Head, 1983",Characters:,"Colonies are thick plates up to 300 millimetres across, which usually slope downwards, parallel to steeply sloping substrates. Small upgrowths sometimes occur but are seldom the dominant growth-form. Corallites are mostly monocentric or form short radiating valleys towards the colony margins. Walls are low, broad and evenly rounded.",Colour:,Orange- to greenish-brown.,Habitat:,"Crevices usually below 10 metres depth, silted slopes and lagoons.",Abundance:,"Uncommon in mainland Japan, rare elsewhere."
Micromussa amakusensis,"(Veron, 1990)",Characters:,Colonies are cerioid with neat angular corallites up to 8 millimetres diameter. Septa have 1-3 large teeth. Colonies have a thick fleshy mantle usually covered with fine papillae.,Colour:,"Brick-red or green in northern Japan, grey elsewhere.",Habitat:,Protected reef environments and rocky foreshores.,Abundance:,Uncommon.
Micromussa diminuta,"Veron, 2000",Characters:,"Colonies are massive and cerioid, with pentagonal or hexagonal corallites 3-4 millimetres diameter. Walls are thin. Septa are beaded and columellae are poorly developed. Colonies do not have thick fleshy tissue over the skeleton.",Colour:,"Brown, with pale grey centres. The surface is usually speckled white.",Habitat:,Shallow reef environments.,Abundance:,Rare.
Micromussa minuta,"(Moll and Best, 1984)",Characters:,"Colonies are massive, cerioid, with circular corallites 5-6 millimetres diameter. Walls are thick. Septa are beaded and columellae are poorly developed. Colonies do not have thick fleshy tissue over the skeleton. Colonies may have 'groove and tubercle' structures separating corallites.",Colour:,Pale grey.,Habitat:,Shallow reef environments.,Abundance:,Common.
Montastraea cavernosa,"(Linnaeus, 1767)",Characters:,"Colonies are massive, forming boulders or domes, or are flat plates. Corallites are variable, but are usually conical and exsert. Long and short septa strongly alternate, with alternate septa joined to the columella.",Colour:,"Commonly green, brown, grey, or orange.",Habitat:,"All reef environments, especially lower slopes.",Abundance:,Possibly extinct.
Montigyra kenti,"Matthai, 1928",Characters:,This species and genus is known from a single specimen. It is hemispherical and submeandroid with groups of septa fused into monticules. Septa are thin and compact.,Colour:,Not recorded.,Habitat:,Not recorded.,Abundance:,Common; may be a dominant species on sheltered upper reef slopes.
Montipora aequituberculata,"Bernard, 1897",Characters:,Colonies are encrusting or composed of thin unifacial laminae often arranged in oblique overlapping whorls and sometimes forming tubes. Corallites are immersed or exsert and are surrounded by thecal papillae. These are frequently fused into short ridges near margins and may form hoods over the corallites. Coenosteum papillae are thick and fused.,Colour:,"Usually a uniform brown, cream or purple, with pale margins. Sometimes brightly coloured.",Habitat:,Shallow reef environments.,Abundance:,Common.
Montipora altasepta,"Nemenzo, 1967",Characters:,"Colonies are clumps of thin (up to 6 mm thick) branches. These are often irregularly fused. Corallites are mostly immersed, but have projecting lower lips which give the surface a rasp-like appearance underwater.",Colour:,"Brown or grey, sometimes with white tips.",Habitat:,Shallow protected reef slopes.,Abundance:,Rare.
Montipora angulata,"(Lamarck, 1816)",Characters:,Colonies have extensive encrusting bases with short branches which form a compact clump. Corallites are slightly foveolate (funnel shaped) and immersed in the coenosteum. The coenosteum is smooth or forms thin ridges between corallites.,Colour:,Pale brown.,Habitat:,Fringing reef flats.,Abundance:,Uncommon.
Montipora aspergillus,"Veron, DeVantier and Turak, 2000",Characters:,"Colonies are clumps of highly contorted, irregularly fused branches. Corallites are of medium size and are clearly visible. The coenosteum is covered with fine papillae. Septa are in two distinct cycles.",Colour:,Creamy-brown.,Habitat:,Shallow semi-sheltered reef slopes.,Abundance:,Rare.
Montipora australiensis,"Bernard, 1897",Characters:,"Colonies are thick submassive plates and irregular columns. Corallites are both immersed and exsert, the latter having a prominent ring of fused thecal papillae. Fine ridges of coenosteum, which are mostly vertical on branches, join corallites forming a network.",Colour:,Pale brown.,Habitat:,Shallow reef environments exposed to strong wave action.,Abundance:,Probably rare.
Montipora bilaminata,"Bernard, 1897",Characters:,"Colonies are flat plates. Corallites are exsert, tubular or slightly tapered. The coenosteum and corallite walls are coarse with development of a hood. Thecal papillae are prominent and divide irregularly. Septa are thick with irregular margins.",Colour:,Unknown.,Habitat:,Unknown.,Abundance:,Common.
Montipora cactus,"Bernard, 1897",Characters:,"Colonies are submassive or have laminar bases and form tall columns and branches. Laminar and digitate forms are usually found in turbid water, submassive and columnar forms occur on reef slopes. Corallites are mostly exsert. The coenosteum has a dense cover of papillae of uniform length.",Colour:,"Brownish, usually with white tips to coenosteum papillae, especially on distal parts of branches.",Habitat:,"Sheltered environments, especially sheltered lagoons with turbid water and soft substrates.",Abundance:,Uncommon.
Montipora caliculata,"(Dana, 1846)",Characters:,"Colonies are generally massive to encrusting. Corallites are a mixture of immersed and foveolate (funnel shaped), the latter usually having wavy rims. Individual corallites typically have all or part of their wall missing so that adjacent corallites form short valleys. Parts of walls that remain may be tuberculae-like.",Colour:,Brown or blue.,Habitat:,Most reef environments.,Abundance:,"Common in Hawaii, uncommon elsewhere."
Montipora capitata,"(Dana, 1846)",Characters:,"Colonies have encrusting bases, but are arborescent when fully developed. Verrucae are irregularly spaced and are usually fused towards branch tips or plate margins.",Colour:,Usually pale brown with white verrucae.,Habitat:,Shallow reef environments and soft substrates.,Abundance:,Sometimes common.
Montipora capricornis,"Veron, 1985",Characters:,"Colonies are flat plates in tiers or whorls, sometimes with columns, sometimes encrusting or forming irregularly contorted laminae. Corallites are immersed. There are no tuberculae or papillae. The coenosteum is coarse.",Colour:,"Uniform purple, blue or brown.",Habitat:,Mostly lagoons.,Abundance:,Common.
Montipora carinata,"Nemenzo, 1967",Characters:,Colonies are clumps of highly contorted branches which usually have flattened tips. Coenosteum papillae are fused into ridges near branch tips.,Colour:,"Cream or brown, with white or blue (which may photograph pink) branch tips.",Habitat:,Shallow reef environments.,Abundance:,Uncommon.
Montipora cebuensis,"Nemenzo, 1976",Characters:,"Colonies are contorted dissected laminae. Coenosteum ridges are prominent. They are irregular on larger fronds, but are usually perpendicular to the margins of small fronds. Corallites occur irregularly, between the ridges.",Colour:,"Brown, sometimes with pale blue margins.",Habitat:,"Shallow reef environments, especially lagoons.",Abundance:,Usually uncommon.
Montipora circumvallata,"(Ehrenberg, 1834)",Characters:,"Colonies have partly encrusting basal laminae with irregular upgrowths. The whole colony surface is covered with elongate tuberculae, which are inclined on the colony surface and are fused into ridges on the ends of upgrowths. Corallites are immersed between the tuberculae and are aligned in vertical rows between ridges on upgrowths.",Colour:,Greenish-grey with contrastingly coloured polyps.,Habitat:,Shallow reef environments.,Abundance:,Uncommon but distinctive.
Montipora confusa,"Nemenzo, 1967",Characters:,"Colonies have an encrusting or laminar base, with irregular column-like branches. Coenosteum ridges on branches form the distinctive flame-shaped pattern illustrated.",Colour:,"Yellowish- or greenish-brown, usually with pale coenosteum ridges and plate margins.",Habitat:,"Shallow reef environments, especially lagoons.",Abundance:,Uncommon.
Montipora corbettensis,"Veron and Wallace, 1984",Characters:,"Colonies are massive or are thick unifacial or bifacial plates, usually with irregularly shaped upgrowths near their centre. Corallites are immersed. Coenosteum papillae are of mixed sizes or two distinct sizes, the larger being the diameter of the corallites.",Colour:,Yellowish or brown.,Habitat:,Shallow reef environments.,Abundance:,Usually uncommon.
Montipora crassituberculata,"Bernard, 1897",Characters:,"Colonies are submassive or encrusting plates or form flat tiers. Corallites are immersed or exsert (intermixed), the latter being conical with thick thecae. Thecal and coenosteum papillae are both thick.",Colour:,Usually uniform brown or blue (which may photograph purple). Corallite centres may be brightly coloured.,Habitat:,Upper and lower reef slopes.,Abundance:,Uncommon and inconspicuous.
Montipora cryptus,"Veron, 2000",Characters:,"Colonies are small irregular plates. Corallites are small, immersed and widely spaced. The coenosteum is covered with tuberculae which may be verrucae-like. These may contain corallites.",Colour:,Brown or mottled.,Habitat:,Most reef environments.,Abundance:,Common.
Montipora danae,"Milne Edwards and Haime, 1851",Characters:,"Colonies are submassive or form columns or plates with surfaces covered with large verrucae which are dome-shaped or partly fused into radiating ridges. Corallites are small, immersed and crowded between the verrucae.",Colour:,Usually pale brown with paler margins. Polyps are often brightly coloured.,Habitat:,Upper reef slopes and lagoons.,Abundance:,Uncommon.
Montipora delicatula,"Veron, 2000",Characters:,"Colonies are composed of very thin unifacial laminae which are usually contorted. Corallites are inconspicuous, in rows between coenosteum ridges. Coenosteum ridges are irregular.",Colour:,"Pale brown, becoming paler towards colony margins. Coenosteum ridges are usually pale.",Habitat:,Restricted to shallow reef edges.,Abundance:,Common.
Montipora digitata,"(Dana, 1846)",Characters:,"Colonies are digitate or arborescent with anastomosing upright branches. Corallites are immersed and small, especially in colonies from shallow water. The coenosteum is smooth.",Colour:,"Pale cream or brown, sometimes pink or blue.",Habitat:,Shallow reef environments. May be a dominant species of shallow mud flats.,Abundance:,Rare.
Montipora dilatata,"Studer, 1901",Characters:,"Colonies are encrusting to submassive and up to 0.3 metres across, with irregular branch-like upgrowths up to 100 millimetres thick which become flattened near their ends. Coenosteum papillae are inconspicuous. Corallite walls are well defined.",Colour:,Pale to dark brown.,Habitat:,Subtidal environments.,Abundance:,Uncommon.
Montipora echinata,"Veron, DeVantier and Turak, 2000",Characters:,"Colonies are clumps of irregularly fused branches. Corallites are small, irregularly spaced and immersed in the coenosteum, which is coarse. Coenosteum papillae are large and very elaborate, giving the colonies a spiny appearance.",Colour:,Creamy-brown.,Habitat:,Shallow semi-sheltered reef slopes.,Abundance:,Common.
Montipora efflorescens,"Bernard, 1897",Characters:,"Colonies are submassive to encrusting, the surface being flat or consisting of an irregular series of mounds or short columns. The coenosteum is covered with papillae which are usually elongate on mounds and short on flat plates. Thecal papillae are always present, those around corallites on mounds being relatively elongate. Thecal papillae are longer than coenosteum papillae, and may form a ring around corallite openings.",Colour:,"Usually bright or dark green, sometimes cream, brown, blue (which may photograph purple) or pink.",Habitat:,Upper reef slopes.,Abundance:,Uncommon.
Montipora effusa,"(Dana, 1846)",Characters:,"Colonies are submassive to encrusting or form extensive, thick unifacial plates. Corallites are small and exsert, with elongate thecal papillae. The colony surface has a rough appearance.",Colour:,Mostly brown with brightly coloured polyps.,Habitat:,Most reef environments.,Abundance:,Uncommon.
Montipora flabellata,"Studer, 1901",Characters:,"Colonies are encrusting, with irregular lobes. Corallites are small (0.5 mm diameter). Papillae cover the colony surface and are sometimes fused into ridges. Septa are poorly developed.",Colour:,"Usually blue (which may photograph pink), also brown or purple.",Habitat:,Shallow reef environments.,Abundance:,Common.
Montipora florida,"Nemenzo, 1967",Characters:,"Colonies are composed of thin, unifacial laminae usually forming upright whorls. These whorls may be over one metre high and may cover a large area. They fall over at the slightest touch. The coenosteum is rough with small papillae. Most corallites are embedded; others are tiny and often inclined irregularly on tuberculae.",Colour:,Pale brown or greenish.,Habitat:,Shallow turbid environments.,Abundance:,"Common in the Coral Sea, rare and inconspicuous elsewhere."
Montipora floweri,"Wells, 1954",Characters:,"Colonies are submassive to encrusting. The surface is covered with tuberculae, which may be fused. Corallites are very small, immersed and evenly distributed on and between tuberculae.",Colour:,Usually dark brown or green.,Habitat:,Upper reef slopes.,Abundance:,Common.
Montipora foliosa,"(Pallas, 1766)",Characters:,"Colonies are composed of thin unifacial laminae sometimes forming tiers or whorls. Corallites are arranged in rows between coenosteum ridges, which are conspicuous and usually perpendicular to colony margins.",Colour:,"Usually cream, pink or brown with pale margins.",Habitat:,Mostly protected upper reef slopes.,Abundance:,Seldom common but relatively distinctive.
Montipora foveolata,"(Dana, 1846)",Characters:,Colonies are submassive or encrusting. Corallites are foveolate (funnel-shaped) and immersed in the coenosteum so that the opening of the corallite is at the base of the funnel. The coenosteum is fine. Tuberculae and papillae are absent.,Colour:,"Usually pale brown, blue (which may photograph pink) or cream but may be brightly coloured, sometimes with bright blue or green tentacles partly extended during the day.",Habitat:,Most reef environments.,Abundance:,Usually uncommon.
Montipora friabilis,"Bernard, 1897",Characters:,"Colonies are composed of thin delicate unifacial laminae forming flat or slightly upright whorls or irregular contortions. Corallites are immersed, but clearly visible. The coenosteum is coarse. There are no papillae. The surfaces of fronds have a finely rough appearance. Polyps may be extended during the day.",Colour:,Pale brown or mauve.,Habitat:,Shallow turbid reef environments and lagoons.,Abundance:,Sometimes common.
Montipora gaimardi,"Bernard, 1897",Characters:,Colonies have encrusting bases and branches which may be open or form a compact clump. The coenosteum forms a complex of fine ridges. Corallites are both in and between these ridges.,Colour:,"Brown or green, sometimes with pale branch tips.",Habitat:,Shallow reef environments.,Abundance:,Common.
Montipora grisea,"Bernard, 1897",Characters:,"Colonies are massive, encrusting, or are thick unifacial plates. Corallites are slightly exsert, surrounded by partly fused thecal papillae. Coenosteum papillae are also present.",Colour:,Usually dark brown or green but may be pale colours or bright blue or pink.,Habitat:,Upper reef slopes.,Abundance:,Uncommon.
Montipora hemispherica,"Veron, 2000",Characters:,"Colonies are usually encrusting but may be hemispherical. Flattened, contorted branches usually occur near the centre of laminae and cover the surface of large colonies. Corallites are immersed. Papillae, grading into tuberculae, are most prominent on laminae; on branches they may be fused into short ridges. The coenosteum is coarse.",Colour:,Grey or pale brown.,Habitat:,Shallow reef environments.,Abundance:,"Common on the Great Barrier Reef, usually uncommon elsewhere."
Montipora hispida,"(Dana, 1846)",Characters:,"Colonies may be submassive, laminar, columnar or digitate or various combinations of these growth-forms. Laminar and digitate forms are usually found in turbid water, submassive and columnar forms occur on reef slopes. Corallites are both immersed and exsert, the latter having prominent thecal papillae. Shorter papillae also occur on the coenosteum, which is coarse.",Colour:,"Pale brown, sometimes with white branch tips and white tentacles.",Habitat:,Most turbid water habitats.,Abundance:,Uncommon.
Montipora hodgsoni,"Veron, 2000",Characters:,"Colonies are composed of small, thin, highly dissected unifacial laminae, sometimes forming tiers or whorls. Corallites are barely visible among coenosteum ridges which are short and irregular and usually perpendicular to the colony margin.",Colour:,Uniform grey-brown. Polyps are blue (which may photograph purple) or white.,Habitat:,Protected upper reef slopes.,Abundance:,"Common, but inconspicuous."
Montipora hoffmeisteri,"Wells, 1954",Characters:,"Colonies are submassive to encrusting, sometimes with plating peripheries. Corallites are immersed. The coenosteum is covered with tuberculae which may contain corallites.",Colour:,"Cream or brown, occasionally brightly coloured.",Habitat:,Most reef environments.,Abundance:,Uncommon.
Montipora incrassata,"(Dana, 1846)",Characters:,"Colonies are encrusting to submassive with or without contorted nodular columns or branches. Corallites are immersed or exsert, cup-shaped, tubular, or ‘nariform’ (where openings on the sides of tuberculae give them the shape of a roman nose, as with corallites of nariform ). Tuberculae may also be fused into smooth ridges.",Colour:,"Mottled or uniform purple or brown, usually with white polyps.",Habitat:,Mostly upper reef slopes.,Abundance:,Common.
Montipora informis,"Bernard, 1897",Characters:,Colonies are massive to encrusting. Corallites are evenly distributed and immersed. The coenosteum is covered with elongate papillae of uniform length.,Colour:,Brown or mottled brown and white. Papillae may have white or blue tips. White tentacles may be extended during the day.,Habitat:,Upper reef slopes.,Abundance:,Common.
Montipora kellyi,"Veron, 2000",Characters:,Colonies are clumps of highly contorted branches which do not fuse. Corallites are large and crowded. The coenosteum is very coarse. There is no development of papillae or other ornamentation.,Colour:,"Tan or brown, with white polyps.",Habitat:,Shallow reef environments.,Abundance:,Rare.
Montipora lobulata,"Bernard, 1897",Characters:,"Colonies are submassive, the surface being irregular mounds covered by irregular tuberculae. There is complete continuity in size between the mounds and tuberculae. Corallites are distributed irregularly although they are less common in tuberculae. The coenosteum is irregularly coarse.",Colour:,Mottled brown and white.,Habitat:,Shallow reef environments.,Abundance:,Uncommon.
Montipora mactanensis,"Nemenzo, 1979",Characters:,Colonies are thin plates with some tendency to form columns. Verrucae are low mounds fused into neat radiating ridges. Corallites are aligned between the ridges.,Colour:,Pale brown with pale blue margins to plates and columns (which may photograph pink). Polyps are often white.,Habitat:,Shallow reef environments.,Abundance:,Common.
Montipora malampaya,"Nemenzo, 1967",Characters:,"Colonies are laminae sometimes forming whorls or tiers and upright branches, which are usually fused. Sometimes columnar. The coenosteum is coarse with elongate coenostial papillae which are sometimes fused into short irregular ridges.",Colour:,"Brown or green, with white tips to papillae.",Habitat:,Upper reef slopes.,Abundance:,"Common in the Red Sea, rare in Papua New Guinea."
Montipora meandrina,"(Ehrenberg, 1834)",Characters:,"Colonies are small, usually less than 0.2 metres across. The surface is covered with contorted, irregular, large verrucae. These verrucae are not fused into any pattern. Corallites are small.",Colour:,Pale brown or pink. Polyps are the same colour as the verrucae or are brightly coloured.,Habitat:,Shallow reef edges.,Abundance:,Common but inconspicuous.
Montipora millepora,"Crossland, 1952",Characters:,Colonies are massive or encrusting. Corallites are very small and immersed. The coenosteum has tuberculae which seldom contain corallites.,Colour:,Dark green or brown.,Habitat:,Occurs in crevices and beneath overhangs.,Abundance:,Especially common in high latitude locations of Australia.
Montipora mollis,"Bernard, 1897",Characters:,"Colonies are irregular clumps, columns and plates. Corallites are mostly immersed, with fine but distinct walls. The coenosteum is coarse. Low tuberculae are sometimes present.",Colour:,"Uniform brown, blue (which may photograph pink) or purple, sometimes with pale plate margins.",Habitat:,Subtidal mud flats and in other inshore habitats.,Abundance:,Common.
Montipora monasteriata,"(Forskål, 1775)",Characters:,Colonies are massive or are unifacial or bifacial thick plates which may be tiered in large colonies. Corallites are mostly immersed. The coenosteum is covered with papillae and/or tuberculae.,Colour:,"Pale brown or blue (which may photograph pink), with blue or white margins.",Habitat:,Mostly upper reef slopes.,Abundance:,Unknown.
Montipora myriophthalma,"Bernard, 1897",Characters:,"Colonies are encrusting or submassive. Corallites are slightly exsert, rounded and crowded. Walls have elaborated papillae.",Colour:,Unknown.,Habitat:,Unknown.,Abundance:,Uncommon.
Montipora niugini,"Veron, 2000",Characters:,"Colonies are up to 0.3 metres across, although larger clusters of colonies formed by fragmentation occur together. Colonies have submassive bases and small irregular branches. The colony surface is completely smooth. Corallites are small, immersed and indistinct. The coenosteum is very fine and devoid of ornamentation.",Colour:,"Pale cream, mauve or blue.",Habitat:,Shallow environments protected from wave action.,Abundance:,Usually uncommon.
Montipora nodosa,"(Dana, 1846)",Characters:,"Colonies are massive, submassive or encrusting. Corallites are immersed or exsert and are surrounded by fused thecal papillae. Coenosteum papillae are usually present.",Colour:,"Usually pale brown, green or blue (which may photograph purple).",Habitat:,Shallow reef environments.,Abundance:,Rare.
Montipora orientalis,"Nemenzo, 1967",Characters:,"Colonies are flat unifacial encrusting to solid plates or, rarely, form columns. The coenosteum is fine, without any ornamentation. Corallites are small and widely spaced.",Colour:,Usually pale brown.,Habitat:,Shallow reef environments.,Abundance:,Uncommon.
Montipora pachytuberculata,"Veron, DeVantier and Turak, 2000",Characters:,Colonies are clumps of irregularly fused branches. Corallites are small with well defined thecae. The coenosteum is covered with highly ornamented papillae which may be fused into short irregular ridges near the branch tips.,Colour:,Pale brown with whitish branch tips.,Habitat:,"Shallow, semi-sheltered reef slopes.",Abundance:,Uncommon.
Montipora palawanensis,"Veron, 2000",Characters:,Colonies are submassive or laminar. The surface is uniformly covered with very large verrucae which are fused so as to form continuous ridges which form an irregular pattern. Only at plate margins are verrucae aligned in rows. Corallites are immersed deep between the ridges.,Colour:,"Blue or brown, uniform or mottled. Bright blue or green tentacles are sometimes extended during the day.",Habitat:,Upper reef slopes.,Abundance:,Sometimes common.
Montipora patula,"Verrill, 1869",Characters:,"Colonies are encrusting or tiered plates, sometimes over 2 metres across. Plates usually have free edges. Corallites are small and irregular in height. Papillae are concentrated around the corallites.",Colour:,Tan. Polyps are usually purple.,Habitat:,Shallow reef environments.,Abundance:,Uncommon.
Montipora peltiformis,"Bernard, 1897",Characters:,"Colonies are submassive, encrusting or foliose, with or without nodular upgrowths. Corallites are small; immersed on flat parts of colonies, exsert on upgrowths. The latter have rims of very irregular papillae. Coenosteum papillae are also present on upgrowths.",Colour:,Pale brown (with blue polyps which may photograph purple).,Habitat:,Shallow reef slopes.,Abundance:,Rare.
Montipora porites,"Veron, 2000",Characters:,"Colonies have encrusting bases and irregular branches which seldom fuse. Branching may be open or compact. Coenosteum ridges are very prominent and form a sinuous pattern over branch surfaces. Corallites are deeply embedded between the ridges. The skeletal structure of the corallites is -like, with very elongate septa which occasionally fuse.",Colour:,Grey or green with pale coenosteum ridges.,Habitat:,Shallow protected embayments.,Abundance:,Sometimes common.
Montipora samarensis,"Nemenzo, 1967",Characters:,Colonies are clumps of thin (up to 6 mm thick) branches which may be irregularly fused or form compact thickets. Corallites are immersed in distinctive pits.,Colour:,"Pale brown, sometimes with white branch tips.",Habitat:,Shallow protected reef slopes.,Abundance:,Common.
Montipora saudii,"Turak, DeVantier and Veron, 2000",Characters:,Colonies are extensive upright to prostrate laminae and may also be encrusting. The colony surface is covered by elongate tuberculae which hide the corallites from view. The tuberculae are upwardly inclined on upright laminae. The coenosteum is coarse.,Colour:,Grey with pale tips to tuberculae.,Habitat:,Shallow reef environments.,Abundance:,Rare.
Montipora setosa,"Nemenzo, 1976",Characters:,"Colonies are small bushes of short, highly contorted anastomosing branches that grade into verrucae. Branches usually have flattened tips. A small number of thecal papillae may be found around each corallite.",Colour:,Brown with pale tips.,Habitat:,Shallow protected reef environments.,Abundance:,Sometimes locally common.
Montipora spongiosa,"(Ehrenberg, 1834)",Characters:,Colonies are clumps of irregularly contorted or flattened branches which may fuse. Corallites usually have a prominent lower lip and are deep and conspicuous. There is no development of papillae or other ornamentation.,Colour:,Pale brown.,Habitat:,Shallow reef environments.,Abundance:,Uncommon.
Montipora spongodes,"Bernard, 1897",Characters:,Colonies have encrusting or laminar bases which may have rootlets. Plates have upward projecting ridges developing into columns. Corallites are widely spaced and immersed. The coenosteum has no elaborations. Verrucae commonly form on lower parts of colonies.,Colour:,"Uniform dark brown, green or grey.",Habitat:,Mostly high latitude reefs and rocky foreshores.,Abundance:,Common.
Montipora spumosa,"(Lamarck, 1816)",Characters:,"Colonies are encrusting, laminar or columnar, the tops of columns commonly having vertical or flame-shaped ridges. Encrusting colonies may have rootlets. Corallites are immersed, without papillae and are aligned vertically between ridges on columns. The coenosteum is coarse; this can be seen underwater.",Colour:,"Usually mottled or uniform brown, cream or blue, sometimes with distinctly coloured margins.",Habitat:,Most reef environments.,Abundance:,Common; sometimes a dominant species.
Montipora stellata,"Bernard, 1897",Characters:,"Colonies are small, composed of contorted laminae sometimes in whorls or tiers and upright contorted branches which are irregularly fused. Corallites are immersed with irregular thecal papillae. Coenosteum papillae are numerous and are infrequently fused into ridges.",Colour:,"Cream, blue (which may photograph purple) or brown, often with white ridges.",Habitat:,Shallow turbid water.,Abundance:,"Common in the Red Sea, rare elsewhere."
Montipora stilosa,"(Ehrenberg, 1834)",Characters:,"Colonies are encrusting to submassive with exsert corallites surrounded by a neat circle of thecal papillae. Coenosteum papillae are also prominent, giving colonies a spiny appearance.",Colour:,"Mottled brown, cream or red-brown.",Habitat:,Reef environments.,Abundance:,Probably rare.
Montipora taiwanensis,"Veron, 2000",Characters:,"Colonies are robust and conspicuous, encrusting to submassive. The surface is covered with contorted, irregular, large verrucae. These verrucae are not fused into any pattern. Corallites are large and conspicuous.",Colour:,Pale brown or purple.,Habitat:,Shallow water exposed to wave action.,Abundance:,Common.
Montipora tuberculosa,"(Lamarck, 1816)",Characters:,"Colonies are submassive or encrusting. Corallites are small; some exsert, some immersed. Corallites are separated by papillae or tuberculae of about one corallite diameter.",Colour:,"Usually dull brown or green, but may be bright blue (which may photograph pink or purple). Tips of papillae are often distinctively coloured.",Habitat:,Most reef environments.,Abundance:,Common.
Montipora turgescens,"Bernard, 1897",Characters:,"Colonies are massive, encrusting, hemispherical or columnar. In habitats exposed to strong wave action the surface is usually mounded. Corallites are immersed. The coenosteum has no elaborations.",Colour:,"Brown, cream or purple.",Habitat:,Most reef environments.,Abundance:,Common.
Montipora turtlensis,"Veron and Wallace, 1984",Characters:,"Colonies are usually encrusting, submassive or form plates with nodular upgrowths at their centre. Corallites are crowded and immersed. Thecal and coenosteum papillae are present although not as well developed as in other species of the group, and only on upgrowths.",Colour:,"Dark brown, green or blue, sometimes with cream tips to nodules.",Habitat:,Turbid environments.,Abundance:,Common.
Montipora undata,"Bernard, 1897",Characters:,Colonies are horizontal to vertical plates or thick columns and branches. Corallites are immersed and indistinct. The coenosteum has tuberculae fused into ridges forming the same pattern as some  species and .,Colour:,"Purple, green, blue (which may photograph pink) or brown, with pale growing margins.",Habitat:,Mostly upper reef slopes.,Abundance:,Uncommon.
Montipora venosa,"(Ehrenberg, 1834)",Characters:,"Colonies are massive. Corallites are a mixture; some slightly exsert, others foveolate (funnel-shaped). Tuberculae and papillae are absent.",Colour:,Usually pale brown or blue (which may photograph purple).,Habitat:,Most reef environments.,Abundance:,Sometimes common.
Montipora verrilli,"Vaughan, 1907",Characters:,Colonies are thin and encrusting. Corallites are approximately one millimetre diameter and are mostly submerged in the coenosteum. Corallite papillae are evenly spaced.,Colour:,Brown with blue centres (which may photograph pink).,Habitat:,Reef flats.,Abundance:,Sometimes common.
Montipora verrucosa,"(Lamarck, 1816)",Characters:,"Colonies are encrusting, submassive, form columns, or are laminar. The surface is uniformly covered with large rounded verrucae. Corallites are immersed between the verrucae.",Colour:,"Blue or brown, uniform or mottled. Bright blue (which may photograph purple) or green tentacles are sometimes extended during the day.",Habitat:,Upper reef slopes and lagoons.,Abundance:,Uncommon.
Montipora verruculosus,"Veron, 2000",Characters:,"Colonies are thick, flat, usually horizontal plates up to 2 metres across. Plates are covered with dome-shaped verrucae which are of very uniform size and are uniformly spaced. Verrucae are not aligned as radiating ridges except within 50 millimetres of plate margins. Corallites are small, immersed and crowded between the verrucae.",Colour:,Grey.,Habitat:,Upper reef slopes and lagoons.,Abundance:,Uncommon but distinctive.
Montipora vietnamensis,"Veron, 2000",Characters:,"Colonies have an encrusting or laminar base, with closely compacted short upright branches. Coenosteum ridges are mostly vertical but may be irregular. Corallites are large and prominent.",Colour:,"Dark brown, usually with white coenosteum ridges and branch tips.",Habitat:,Shallow reef environments and rocky foreshores.,Abundance:,Uncommon.
Moseleya latistellata,"Quelch, 1884",Characters:,"Colonies are flat, submassive, usually disc-like, and sometimes free-living. Corallites are cerioid with a large central corallite (up to 35 mm diameter) surrounded concentrically with angular daughter corallites. Septa have fine teeth and usually exsert paliform lobes. Tentacles are extended only on dark nights.",Colour:,Pale to deep green or brown.,Habitat:,Restricted to turbid water with muddy substrates. Also occurs in muddy areas exposed at low tide.,Abundance:,Uncommon.
Mussa angulosa,"(Pallas, 1766)",Characters:,"Colonies are flat to hemispherical, phaceloid to flabello-meandroid, the latter with short valleys of up to 5 centres. Septa have tall sharp teeth. Columellae are well developed. Retracted polyps are thick and fleshy.",Colour:,"Usually grey, purple or green.",Habitat:,Most reef environments.,Abundance:,Common.
Mussismilia braziliensis,"(Verrill, 1868)",Characters:,"Colonies are massive, usually forming large domes on reef tops. Corallites are cerioid, tightly compacted, irregular in shape and 8-10 millimetres diameter. Septa of living colonies have rounded, bead-like dentations.",Colour:,"Various combinations of blue-grey, green and yellow.",Habitat:,Shallow or subtidal reef environments.,Abundance:,Common.
Mussismilia harttii,"(Verrill, 1868)",Characters:,"Colonies have tubular (phaceloid) corallites and are often over one metre across. Individual corallites or small groups of corallites are usually not connected or have dead basal connections and are readily broken apart and scattered. Corallites are rounded, averaging 15-20 millimetres diameter and vary in shape as illustrated. Septa of living colonies have rounded, bead-like, dentations.",Colour:,Mostly bluish-grey.,Habitat:,Shallow turbid reef environments.,Abundance:,Common.
Mussismilia hispida,"(Verrill, 1901)",Characters:,"Colonies are massive, less than 0.5 metres across and usually flattened. Corallites are rounded, with thick walls, and are 10-15 millimetres diameter. Septa of living colonies have rounded, bead-like dentations.",Colour:,"Browns and greys, usually with differently coloured corallite walls and centres, commonly with radial stripes.",Habitat:,"Shallow water, tolerant of turbid environments.",Abundance:,Common.
Mycedium elephantotus,"(Pallas, 1766)",Characters:,"Colonies are laminar or encrusting. Corallites are up to 15 millimetres diameter and nose-shaped, facing outward towards the colony perimeter. Septa and columellae are well developed and costae form outwardly radiating ribs on the colony surface which may become highly elaborated on corallite walls. The coenosteum is never pitted at the commencement of new septo-costae. Tentacles are usually extended only at night.",Colour:,"Usually a uniform brown, grey, green or pink but may have green, white or red oral discs. Colonies may have distinctively coloured margins.",Habitat:,Most reef environments protected from strong wave action.,Abundance:,Usually uncommon.
Mycedium mancaoi,"Nemenzo, 1979",Characters:,"Colonies are composed of tiers of contorted, dissected, unifacial laminae with wavy margins. Corallites are 6-10 millimetres diameter and strongly inclined on the laminae. Septo-costae are well developed, compact, in 2 or 3 orders and have ornamented spines.",Colour:,"Tan, with pale margins to laminae.",Habitat:,Shallow reef environments protected from strong wave action.,Abundance:,Uncommon.
Mycedium robokaki,"Moll and Best, 1984",Characters:,"Colonies are composed of small, thin (5-8 mm thick), unifacial laminae, usually with non-wavy margins. Corallites are small (4-6 mm diameter), strongly inclined on the laminae and are sometimes arranged concentrically. Septo-costae are compact, in 2 or 3 orders and have ornamented spines.",Colour:,"Tan or pinkish, with pale margins to laminae.",Habitat:,Reef environments protected from strong wave action.,Abundance:,Rare.
Mycedium steeni,"Veron, 2000",Characters:,"Colonies are extremely delicate, usually less than 0.3 metres across, and are composed of small thin unifacial fronds forming whorls. Individual fronds have up to 15 corallites which decrease in size from approximately 6 millimetres diameter near the base to 4 millimetres diameter near the margins. Costae are prominent and radiate from the base to the margins. Corallites are superficial, composed primarily of a few septo-costae and small columellae.",Colour:,Pale brown.,Habitat:,Sheltered reef slopes with turbid water.,Abundance:,Common.
Mycedium umbra,"Veron, 2000",Characters:,"Colonies are laminar or encrusting. Corallites are up to 15 millimetres diameter, nose-shaped and face outward towards the colony perimeter. Septa and columellae are well developed and costae form outwardly radiating ribs on the colony surface. Costae have few ornamentations and costal ridges extend towards the periphery from the edge of corallites. The coenosteum is never pitted at the commencement of new septo-costae. Tentacles are extended only at night.",Colour:,Upper or peripheral parts of colonies are yellowish-brown while older parts are iridescent purple-grey.,Habitat:,Most reef environments protected from strong wave action.,Abundance:,Sometimes common.
Mycetophyllia aliciae,"Wells, 1973",Characters:,"Colonies are weakly attached plates which are often circular. There is little valley formation, especially towards the colony centre and such valleys that are formed may have two or more rows of mouths. Septo-costae are thick, with large dentations. Columellae are absent.",Colour:,"Brown or green, usually with white centres.",Habitat:,Most reef environments.,Abundance:,Common.
Mycetophyllia danaana,"Milne Edwards and Haime, 1849",Characters:,Colonies are solid rounded plates. Long sinuous valleys may radiate from the original point of growth and are sometimes deep. Valley walls may be so short that they form -like monticules. Septo-costae are thinner than intervening spaces. Columellae are rudimentary or absent. There is one row of mouths in the valleys.,Colour:,"Usually combinations of pink, green and grey, with valleys and walls of contrasting colours.",Habitat:,Most reef environments.,Abundance:,Usually uncommon.
Mycetophyllia ferox,"Wells, 1973",Characters:,"Colonies are thin, weakly attached plates with interconnecting, slightly sinuous narrow valleys. Corallite centres are usually in single rows. Columellae are rudimentary or absent.",Colour:,Greys and browns are the most common with valleys and walls of contrasting colours.,Habitat:,Shallow reef environments.,Abundance:,Uncommon.
Mycetophyllia lamarckiana,"Milne Edwards and Haime, 1848",Characters:,"Colonies are solid, rounded, often circular plates. Continuous broad shallow valleys radiate from the original point of growth. Corallite centres are vaguely concentric to plate margins. Valleys have one row of mouths. Columellae are rudimentary.",Colour:,Mostly mottled grey or brown.,Habitat:,Most reef environments.,Abundance:,Uncommon to rare.
Mycetophyllia reesi,"Wells, 1973",Characters:,"Colonies are thin laminae, sometimes conforming to the shape of the substrate. They are attached centrally or at a side. There are no radiating ridges or valleys. Corallite centres are parallel to plate margins.",Colour:,"Dark grey-brown or bluish-brown, sometimes mottled.",Habitat:,Lower reef slopes protected from wave action.,Abundance:,Rare but conspicuous.
Nemenzophyllia turbida,"Hodgson and Ross, 1981",Characters:,"Colonies may be several metres across and are composed of interconnecting meandering thin walled flabello-meandroid valleys. Valleys are 8-10 millimetres wide and may be up to 200 millimetres high. Usually living parts of colonies are separated by dead basal parts. Valley walls and septa are both thin and fragile. Septa are in three orders, those of the first order are up to 5 millimetres exsert and meet at the valley centre where they may curve and form a columella-like median wall. Costae are exsert. Polyps have fleshy mantles, which form a continuous cover of compact discs.",Colour:,"Grey, sometimes with pale margins to mantles.",Habitat:,Turbid or sheltered reef environments.,Abundance:,Rare.
Oculina diffusa,"Lamarck, 1816",Characters:,"Colonies are compact or prostrate clumps of short, thin, highly fused, branches. Corallites are up to 5 millimetres diameter and have neat round exsert walls. Long and short septa only slightly alternate. Costae form fine striae over the coenosteum surface.",Colour:,Tan with dark calices. Azooxanthellate colonies are white.,Habitat:,Shallow reef environments.,Abundance:,Uncommon.
Oculina patagonica,"de Angelis, 1908",Characters:,"This species is both zooxanthellate and azooxanthellate. Colonies are encrusting or form clumps of short, thick, highly fused branches. Corallites are crowded, up to 5 millimetres diameter and have neat round exsert walls. Long and short septa clearly alternate. Costae are weakly developed.",Colour:,Yellowish-brown.,Habitat:,Rocky foreshores and caves.,Abundance:,Sometimes common.
Oculina robusta,"Pourtalés, 1871",Characters:,"Colonies have sturdy bases and thick tree-like upright tapering branches. Corallites are widely spaced on basal parts, becoming compact towards branch tips. Corallites average 6 millimetres diameter and are exsert and neatly circular.",Colour:,Tan or yellowish-brown.,Habitat:,"Protected shallow environments, especially in turbid water.",Abundance:,Rare.
Oculina valenciennesi,"Milne Edwards and Haime, 1850",Characters:,"Colonies are thickets of pencil-thick branches. Corallites are widely spaced, up to 4 millimetres diameter. Septa are in two alternating cycles and form a paliform crown. Costae form fine striae over the coenosteum surface.",Colour:,Yellow.,Habitat:,Shallow rock substrates.,Abundance:,Rare.
Oculina varicosa,"Lesueur, 1820",Characters:,"Colonies may be zooxanthellate or azooxanthellate depending on light availability. Azooxanthellate colonies form extensive banks while zooxanthellate colonies form clumps of tapered fused branches less than 0.5 metres across. Corallites are exsert, 2-3 millimetres diameter. Septa are in three cycles.",Colour:,"Tan, lavender, or dark brown.",Habitat:,Zooxanthellate colonies occur in protected environments as little as 5 metres deep.,Abundance:,"Common, frequently a dominant species of lagoons and upper reef slopes."
Orbicella annularis,"(Ellis and Solander, 1786)",Characters:,"Colonies are massive, forming lobed to columnar colonies. Corallites are flattened, of similar size, 2-3mm diameter, formed by extratentacular budding. Septa are in two unequal orders, first order septa forming a small columella. Walls are composed of thickened septa. Costae are conspicuous and regularly dentated.",Colour:,Brown or yellowish.,Habitat:,Most reef environments.,Abundance:,Commoon.
Orbicella faveolata,"(Ellis and Solander, 1786)",Characters:,"Colonies are massive, forming large rounded domes or columnar, becoming plate-like at edges. Corallites are flattened, not heavily calcified, of similar size, 2-3mm diameter, formed by extratentacular budding. Septa are in two unequal orders, first order septa forming a small columella. Walls are thin, H507with regularly dentated thin costae.",Colour:,"Brown, grey or yellowish-green.",Habitat:,Reef habitats.,Abundance:,Common.
Orbicella franksi,"(Gregory, 1895)",Characters:,"Colonies are massive to plate-like or encrusing with an uneven surface. Corallites are conical and commonly irregular in shape and size, 2.5-4 mm diameter, formed by extratentacular budding. Septa are in two slightly differing orders or do not form orders. Columellae are well-developed. Walls are composed of thickened septa. Coste are variable but usually well-developed and with well-developed dentations.",Colour:,"Brown, grey or yellowish-green.",Habitat:,Reef habitats.,Abundance:,Uncommon.
Oulastrea crispata,"(Lamarck, 1816)",Characters:,"Colonies are encrusting and grow to only a few centimetres across. Corallites are like a small , are of uniform size and are closely compacted. Long and short septa alternate. Paliform lobes are well developed. Tentacles are sometimes extended during the day.",Colour:,Black with white upper margins to the septa. Dried skeletons are also black and white.,Habitat:,"Found only in subtidal turbid water, attached to wave washed rock.",Abundance:,Uncommon but conspicuous.
Oulophyllia bennettae,"(Veron, Pichon and Wijsman-Best, 1977)",Characters:,"Colonies are massive with large angular corallites, which may have up to three columellae. Septa are widely spaced, with large rounded teeth and some development of paliform lobes. Septa of adjacent corallites are aligned.",Colour:,Distinctive greenish-grey with green oral discs.,Habitat:,Upper reef slopes.,Abundance:,Uncommon.
Oulophyllia crispa,"(Lamarck, 1816)",Characters:,"Colonies are submassive or hemispherical and are frequently over one metre across. Valleys are short, broad (up to 20 mm), V-shaped and have sharp upper margins. Septa are usually thin and slope uniformly to the columellae, which usually form well defined centres. Paliform lobes may be present. Columellae are weakly developed.",Colour:,Uniform grey or with brown walls and pale cream or pink valley floors.,Habitat:,"Most reef environments, but especially in lagoons.",Abundance:,Uncommon.
Oulophyllia levis,"(Nemenzo, 1959)",Characters:,"Colonies are thick plates or are hemispherical. Valleys are usually perpendicular to the margins of plates, and are sinuous towards colony centres. They are short, broad (up to 20 mm), V-shaped and have sharp upper margins. Columellae are weakly developed.",Colour:,"Greenish- or yellowish-brown walls with yellow, green or pink valley floors.",Habitat:,Most reef environments.,Abundance:,Uncommon but conspicuous.
Oxypora convoluta,"Veron, 2000",Characters:,"Colonies are thin, highly contorted laminae. They may be up to 2 metres across. Laminae frequently form compact tiers which may become so contorted that they form chimneys. They have ragged margins. Costal spines are prominent. Corallites are small, with few costae and are often difficult to distinguish among costal spines.",Colour:,"Grey, sometimes with white margins.",Habitat:,Protected reef environments.,Abundance:,Uncommon.
Oxypora crassispinosa,"Nemenzo, 1979",Characters:,"Colonies are thin explanate laminae that may be flat and horizontal or upright and highly convoluted. Plates have ragged margins. Corallites are small with few costae. One or two costae per corallite are very exsert, with irregular large teeth.",Colour:,Dark green or brown with white margins.,Habitat:,Protected reef environments.,Abundance:,Rare.
Oxypora egyptensis,"Veron, 2000",Characters:,"Colonies are submassive or form thick laminae. They may be over one metre across. Corallites are large (up to 15 mm diameter) on older parts of colonies, becoming smaller towards the periphery of laminae. Large corallites may be up to 15 millimetres exsert and occasionally have daughter corallites budded from their walls. Peripheral corallites are usually inclined towards the margins of laminae. Costae are large and have few if any teeth. Septa and columellae may be twisted into a short spiral.",Colour:,Yellow-brown.,Habitat:,Shallow reef slopes.,Abundance:,"Common in the central Indo-Pacific, uncommon elsewhere."
Oxypora glabra,"Nemenzo, 1959",Characters:,"Colonies are thin, encrusting or convoluted laminar plates, commonly with ragged margins. A small central corallite may be distinguishable. Peripheral corallites are usually widely spaced. Costae have few if any teeth. Septa and columellae are twisted into a short spiral.",Colour:,"Yellow-brown, usually with pale tops to septa and costae.",Habitat:,Shallow protected reef slopes.,Abundance:,Common.
Oxypora lacera,"(Verrill, 1864)",Characters:,"Colonies are thin, encrusting or laminar plates. They may become greatly thickened in turbulent environments. Corallites may be fine and delicate on thin laminae to grossly thickened on submassive parts of the same colony. Costae are always toothed.",Colour:,"Usually pale brown or greenish, either uniform or with green, white or red oral discs.",Habitat:,Shallow protected reef slopes.,Abundance:,Uncommon.
Pachyseris foliosa,"Veron, 1990",Characters:,"Colonies consist of whorls of delicate, unifacial, undivided or bifurcating fronds. Valleys are shallow and parallel to frond margins. There is almost no development of columellae.",Colour:,Pale brown or purple.,Habitat:,Lagoons and protected reef slopes.,Abundance:,Rare.
Pachyseris gemmae,"Nemenzo, 1955",Characters:,Colonies have both horizontal and upright irregularly folded fronds. Valleys are parallel to frond margins except towards the base of fronds where they become irregular. Collines are wavy. Columellae are wall-like and clearly fused with septo-costae.,Colour:,Brown.,Habitat:,Semi-protected reefs.,Abundance:,"Unknown, but probably not uncommon."
Pachyseris inattesa,"Benzoni and Terraneo, 2014",Characters:,"Colonies are small unifacial laminae, usually horizontal, partly encrusting. Valleys are short and shallow, roughly concentric and parallel to the corallum margins. Calices are distinct, with distinct columellae. Ridges between valleys are irregular in height and width with neatly arranged septo-costae all of the same order.",Colour:,Light brown or blue-grey.,Habitat:,Reef habitats.,Abundance:,Rare.
Pachyseris involuta,"Studer, 1878",Characters:,"Colonies consist of whorls of narrow, unifacial, bifurcating fronds. Valleys are generally parallel to frond margins but are short and irregular. Centres are short, especially towards branch bases, where many are not elongated at all. There is almost no development of columellae.",Colour:,Pale brown.,Habitat:,Shallow reef environments.,Abundance:,Common.
Pachyseris rugosa,"(Lamarck, 1816)",Characters:,"Colonies are upright, irregular, usually contorted, anastomosing bifacial plates. They are often over one metre across. Columellae are wall-like lobes.",Colour:,Deep bluish-grey or brown.,Habitat:,May develop into large mound-shaped colonies in shallow water but smaller colonies occur in a wide range of habitats including those exposed to strong wave action.,Abundance:,Common.
Pachyseris speciosa,"(Dana, 1846)",Characters:,"Colonies are unifacial laminae, usually horizontal, which may develop upright ridges . They commonly form stands several metres across. More than one row of corallites may occur between ridges. Columellae are absent.",Colour:,"Pale brown to deep grey, often with pale margins.",Habitat:,All reef habitats but most common on lower reef slopes.,Abundance:,"Uncommon in Australia, sometimes common in equatorial regions."
Palauastrea ramosa,"Yabe and Sugiyama, 1941",Characters:,"Colonies are branching, consisting of anastomosing blunt-ended, non-tapering branches. Corallites are immersed, circular, with blunt style-like columellae and two unequal cycles of septa that do not fuse with the columella. The coenosteum is covered by fine spinules and may also have conspicuous styles. Tentacles are sometimes extended during the day.",Colour:,Cream or pinkish-brown.,Habitat:,Restricted to turbid water and sandy substrates in Australia but found on upper reef slopes in equatorial countries.,Abundance:,Usually uncommon.
Paraclavarina triangularis,"(Veron and Pichon, 1980)",Characters:,"Colonies are a network of anastomosing branches, either compacted or open, and up to 5 metres across in lagoons with soft substrates. Branches are triangular in section. Valleys are short and shallow with thick columellae and septa which, except near branch tips, are fused into one solid structure. Tentacles may be extended during the day. There is little or no development of an encrusting base and no development of laminae.",Colour:,Pale yellow or cream.,Habitat:,Reef environments protected from strong wave action.,Abundance:,Rare.
Paramontastraea salebrosa,"(Nemenzo, 1959)",Characters:,"Colonies are massive and mostly spherical. Corallites are circular and closely compacted. Corallites are small (3-4 mm diameter), exsert and have very thick walls. Corallites may face different directions according to place of budding. Septa are evenly spaced and strongly alternate. Costae are strongly beaded. Paliform crowns are well developed. Columellae are small.",Colour:,"Tan or cream, sometimes with dark centres.",Habitat:,"Shallow environments, especially reef flats.",Abundance:,Rare.
Paramontastraea serageldini,"(Veron, 2000)",Characters:,"Colonies are massive, usually hemispherical, up to 0.8 metres across. Corallites are circular, and vary in size according to stage of growth. Mature corallites are 6-8 millimetres diameter, crowded and open, with a neat appearance. Septa are neatly arranged in two alternating orders. A paliform crown is formed from 6-8 septa. Columellae are small.",Colour:,"Uniform grey, pinkish-brown or orange with pale oral discs.",Habitat:,Shallow reef environments.,Abundance:,"Relatively common in subtropical localities, uncommon elsewhere."
Parascolymia australis,"(Milne Edwards and Haime, 1848)",Characters:,"Usually solitary but sometimes two to four centres occur in one corallite, or occasionally in separate corallites. Corallites are saucer-shaped and less than 60 millimetres diameter. Septa are sturdy with blunt saw-like teeth.",Colour:,"Colourful, usually mixtures of cream, red, blue and green.",Habitat:,Reef environments or on rocky headlands in high latitudes.,Abundance:,"Usually uncommon, rare in the south-west Indian Ocean."
Parascolymia vitiensis,"(Brüggemann, 1877)",Characters:,"There is wide latitudinal variation in this species. In subtropical localities it is usually solitary, flat and less than 60 millimetres diameter. In the tropics it is larger and sometimes colonial. Septa slope up from the columella to an indistinct wall then costae slope down to the periphery. This gives the fleshy mantle of the polyps a distinctive concentric texture. Secondary centres occur near the colony centre and also around the periphery. Septo-costae are sturdy, with large blunt teeth.",Colour:,Usually dark green or tan.,Habitat:,Most reef environments.,Abundance:,Uncommon.
Parasimplastrea omanensis,"Sheppard and Sheppard, 1991",Characters:,"Colonies are encrusting to submassive. Corallites are 4-6 millimetres diameter. A ‘groove and tubercle’ formation may be present, but corallites are cerioid to subplocoid, retaining individual walls. Septa have smooth or slightly serrated margins, are widely spaced, and plunge steeply within the corallite. Columellae are rudimentary, consisting of thickened inner septal margins. Polyps are fleshy.",Colour:,Brown with greenish calices.,Habitat:,Reef environments.,Abundance:,Uncommon.
Pavona bipartita,"Nemenzo, 1979",Characters:,Colonies are submassive or encrusting and may be over one metre across. Corallites are uniformly distributed but collines are characteristically uneven in height and may form slightly raised ridges several centimetres long. Septo-costae are in two slightly alternating orders.,Colour:,Uniform pale to dark brown.,Habitat:,Shallow reef environments.,Abundance:,Common.
Pavona cactus,"(Forskål, 1775)",Characters:,"Colonies are composed of thin, contorted, bifacial, upright fronds with or without thickened branching bases. Corallites are fine, shallow and are aligned in irregular rows parallel to frond margins.",Colour:,"Pale brown or greenish-brown, often with white margins.",Habitat:,"Usually found in lagoons and on upper reef slopes, especially those of fringing reefs, and in turbid water protected from wave action, where colonies are sometimes over 10 metres across.",Abundance:,Common.
Pavona chiriquiensis,"Glynn, Maté & Stemann, 2001",Characters:,"Colonies are encrusting with short valleys separated by high sinuous collines which sometimes form monticules. Calices are 1.2-2.7 mm diameter. Septa are widely spaced, thin and solid with ornimented sides. Columellae are thin and solid.",Colour:,Light to dark brown or brick red.,Habitat:,Mostly shallow non-reef habitats.,Abundance:,Common.
Pavona clavus,"Dana, 1846",Characters:,"Colonies are columnar, club-shaped and/or laminar and may form colonies several metres across or extensive single species stands. Columns divide but do not fuse. Corallites have thick walls and are well defined. Septo-costae are of two very distinct orders. Columellae are short or absent.",Colour:,"Uniform pale grey, cream or brown.",Habitat:,Occurs commonly in habitats exposed to currents.,Abundance:,Uncommon.
Pavona danai,"(Milne Edwards, 1860)",Characters:,"Colonies have short, stunted, contorted, laminar branches or fronds, which are angular in cross section. Corallites are irregular or are aligned vertically in short shallow valleys.",Colour:,Pale or dark brown.,Habitat:,Shallow reef environments exposed to wave action.,Abundance:,Common.
Pavona decussata,"Dana, 1846",Characters:,"Colonies are thick interconnecting bifacial upright plates or are submassive, with or without lobed horizontal margins and upright plates. Corallites are irregular, deep seated, and are sometimes aligned parallel to margins or to radiating ridges.",Colour:,"Brown, creamy-yellow or greenish.",Habitat:,Most reef environments.,Abundance:,Uncommon.
Pavona diffluens,"(Lamarck, 1816)",Characters:,Colonies are submassive. Corallites are deep. Septo-costae strongly alternate with primary septa very exsert. Columellae are peg-like to absent.,Colour:,Tan.,Habitat:,Most reef environments.,Abundance:,Uncommon but conspicuousRare in the Red Sea.
Pavona duerdeni,"Vaughan, 1907",Characters:,"Colonies are massive and divided into parallel or irregular ridges or hillocks. They form some of the largest massive colonies of all corals, yet skeletons are dense indicating a slow growth rate. Corallites are small, giving colonies a smooth appearance. They have strongly alternating septo-costae.",Colour:,"Usually uniform grey, sometimes brown.",Habitat:,Most reef environments and forms large colonies on horizontal shallow substrates.,Abundance:,Common.
Pavona explanulata,"(Lamarck, 1816)",Characters:,"Colonies are encrusting or thin unifacial laminae but are sometimes submassive or columnar. Corallites are usually widely spaced and circular, with pillar-like columellae and smooth alternating septo-costae. They may occur in concentric rows.",Colour:,"Grey, brown, pink, purple, green or yellow, sometimes mottled.",Habitat:,Most reef environments.,Abundance:,Generally common.
Pavona frondifera,"Lamarck, 1816",Characters:,Colonies are thin plates and/or contorted fronds with narrow bases and which divide irregularly. Plates usually have radiating ridges which intergrade with fronds. Corallites are aligned in irregular shallow valleys roughly parallel to plate or frond margins.,Colour:,Pale or dark brown.,Habitat:,Shallow reef environments.,Abundance:,Uncommon.
Pavona gigantea,"Verrill, 1869",Characters:,Colonies are massive. Corallites have thick walls and are well defined. Septo-costae are in two indistinct orders. Columellae are well developed. Tentacles are extended during the day giving colonies a furry appearance.,Colour:,"Green, grey and brown.",Habitat:,Occurs on shallow protected rocky substrates.,Abundance:,Sometimes common.
Pavona maldivensis,"(Gardiner, 1905)",Characters:,"Colonies are columnar and/or thin horizontal or encrusting plates. Individual colonies are commonly mixtures of these growth-forms. Columnar growth-forms occur where wave action is strong, plates occur in protected habitats. Corallites are circular, plocoid and usually of irregular sizes. Those near plate margins may be aligned in parallel rows.",Colour:,"Pale or dark grey-brown or green, sometimes bright orange.",Habitat:,"Shallow reef environments, especially those exposed to strong wave action, also on vertical rock faces and in caverns.",Abundance:,Uncommon.
Pavona minuta,"Wells, 1954",Characters:,"Colonies are submassive or encrusting with thin margins, and may be over one metre across. They have a smooth surface and small superficial corallites which are widely spaced. Septo-costae are in two alternating orders.",Colour:,"Dark green, brown or brownish-green.",Habitat:,Shallow reef environments.,Abundance:,Common.
Pavona varians,"Verrill, 1864",Characters:,"Colonies are submassive, laminar or encrusting or various combinations of these. Corallites are in short irregular valleys, or are aligned between ridges perpendicular to margins, or are irregularly distributed on flat surfaces. Septo-costae are in alternating orders.",Colour:,"Yellow, green or brown.",Habitat:,Most reef environments.,Abundance:,Usually uncommon but distinctive.
Pavona venosa,"(Ehrenberg, 1834)",Characters:,Colonies are massive to encrusting. Corallites are in short valleys with acute walls. Septo-costae are generally in three orders and are widely spaced. Columellae are poorly developed or absent.,Colour:,"Yellow-brown or pinkish-brown, sometimes mottled.",Habitat:,Shallow reef environments.,Abundance:,Uncommon.
Pectinia africanus,"Veron, 2000",Characters:,"Colonies are usually less than 0.3 metres across and hemispherical or flattened. Valleys are contorted but mostly extend from the colony centre towards the periphery. Walls are short, sometimes with short spires. Columellae are weakly developed. Septa are smooth or have small teeth.",Colour:,Green and grey with valleys and walls commonly of contrasting colours.,Habitat:,Shallow reef environments.,Abundance:,Usually uncommon.
Pectinia alcicornis,"(Saville-Kent, 1871)",Characters:,"Colonies are irregular clusters of fluted flat laminae with exsert costae forming upwardly projecting spires and short walls. Upward projecting spires may be tall, becoming the dominant part of the colony. Columellae are well developed. Costae are characteristically toothed.",Colour:,"Mixtures of greens, yellows and browns with central parts of colonies usually darker than peripheral parts.",Habitat:,"Turbid water, especially on horizontal substrates.",Abundance:,Uncommon.
Pectinia ayleni,"(Wells, 1935)",Characters:,"Colonies form encrusting or tiered laminae. Laminae have vertical walls of irregular height, radiating towards the margins. These walls separate individual or small groups of corallites, which are consequently widely spaced.",Colour:,Dark brownish-green.,Habitat:,Usually algae dominated rock.,Abundance:,Uncommon.
Pectinia elongata,"(Rehberg, 1892)",Characters:,Colonies are clusters of branch-like spires. Well developed colonies consist entirely of compact clusters of spires. Each spire has one or a few conspicuous corallite centres.,Colour:,Pale brown or green.,Habitat:,"Lower reef slopes and sandy substrates, especially with turbid water.",Abundance:,Common.
Pectinia lactuca,"(Pallas, 1766)",Characters:,Colonies are submassive or form thick plates and frequently exceed one metre across. They have elongate valleys and walls of relatively uniform height. Most valleys can be traced from the colony centre to the margins.,Colour:,"Uniform grey, brown or green.",Habitat:,"Most reef environments, especially lower reef slopes and turbid water habitats.",Abundance:,"Usually uncommon, distinctive."
Pectinia maxima,"(Moll and Best, 1984)",Characters:,"Colonies may be over one metre across and consist of compacted, vertical, bifacial laminae up to 0.6 metres high together with horizontal basal laminae. Some colonies consist only of vertical laminae or (rarely) only of horizontal laminae. Corallites are widely spaced, flush with the surface and are distributed irregularly. Septo-costae are prominent and parallel from the base to the margins of fronds. Columellae are a loose aggregation of spines.",Colour:,Always yellowish-cream with dark basal parts and pale peripheral parts.,Habitat:,Shallow reef environments protected from wave action and where the water is slightly turbid.,Abundance:,Common.
Pectinia paeonia,"(Dana, 1846)",Characters:,Colonies never have extended valleys. Instead they form irregular clusters of fluted thin laminae with exsert costae forming upwardly projecting spires and short walls. Columellae are weakly developed. Septa are smooth or have small teeth.,Colour:,"Uniform or mottled brown, grey or green.",Habitat:,"Turbid water habitats, especially on fringing reefs and in crevices on reef slopes.",Abundance:,Locally common.
Pectinia pygmaeus,"Veron, 2000",Characters:,Colonies are thickets of spire-like branches. Branches are twisted and tapered and form sub-branches at obtuse angles. Corallite centres occur primarily where branches divide. All corallite structures are fine.,Colour:,Pale brown.,Habitat:,"Lower reef slopes, especially in turbid water.",Abundance:,Uncommon.
Pectinia teres,"Nemenzo and Montecillo, 1981",Characters:,"Colonies have little formation of laminae, but form clumps of pointed branch-like spires, each composed of exsert costae. Well developed colonies are clumps of spires. Corallites are conspicuous.",Colour:,Yellow-brown or grey.,Habitat:,"Lower reef slopes and enclosed embayments, especially with turbid water.",Abundance:,Common.
Phymastrea colemani,"(Veron, 2000)",Characters:,"Colonies are submassive to encrusting, with compact rounded corallites 5-8 millimetres diameter. ‘Groove and tubercle’ formations are well developed. Two cycles of septa clearly alternate; both are thickened over walls and are uniformly toothed. A paliform crown is well developed.",Colour:,Uniform brown or brown with green centres.,Habitat:,Most reef environments.,Abundance:,Usually uncommon.
Phymastrea magnistellata,"(Chevalier, 1971)",Characters:,"Colonies are massive, hemispherical or flattened and may be over 2 metres across. Corallites are round and of variable size, those on convex surfaces being larger than those on concave surfaces. Corallites are shallow, approximately 6-13 millimetres diameter, with tightly compacted septa. Columellae are large and small paliform lobes are usually developed.",Colour:,Commonly blue-grey.,Habitat:,Protected reef slopes.,Abundance:,Rare.
Phymastrea multipunctata,"(Hodgson, 1985)",Characters:,"Colonies are generally submassive to encrusting and are less than 0.3 metres across. Corallites are 5-9 millimetres diameter and have thick fleshy mantles. Septa are in 3 or 4 distinct orders. Primary septa have 1 or 2 pointed teeth above the wall; this can sometimes be seen underwater. Paliform lobes are weakly developed. ‘Groove and tubercle’ formations are usually well developed. Sand, often containing turf algae, is usually compacted between the corallites and is probably held there by secretions of polychaete worms.",Colour:,"Dark red (which may photograph dark brown as below), with green or white oral discs.",Habitat:,"Shallow water, especially adjacent to sandy substrates.",Abundance:,Usually uncommon.
Phymastrea valenciennesi,"Milne Edwards and Haime, 1848",Characters:,"Colonies are submassive to encrusting, with angular corallites 8-15 millimetres diameter. ‘Groove and tubercle’ formations are well developed. Long and short septa strongly alternate, are thickened over walls and are uniformly toothed.",Colour:,"Usually green, brown or yellow with white septa and sometimes green oral discs.",Habitat:,Most reef environments.,Abundance:,"Common in protected habitats such as crevices and overhangs, especially in turbid water with tidal currents."
Physogyra lichtensteini,"(Milne Edwards and Haime, 1851)",Characters:,"Colonies are generally massive. They are meandroid with short, widely separated valleys interconnected with light blistery coenosteum. Septa are large, solid, smooth edged, exsert and widely spaced. Walls are solid. Columellae are absent. Tentacles are extended only at night. During the day the whole colony surface is covered with a mass of vesicles the size of small grapes and are grape-like or bifurcated in shape. These retract when disturbed.",Colour:,"Pale grey, sometimes dull green.",Habitat:,Turbid reef environments.,Abundance:,Sometimes common.
Platygyra acuta,"Veron, 2000",Characters:,"Colonies are massive and meandroid, with walls forming an acute or sharp edge. Septa are uniformly exsert and have ragged margins. Columellae are well developed but do not form centres.",Colour:,Walls are a uniform grey-brown with pale tops. Valley floors are greenish.,Habitat:,"Most reef environments, especially shallow fringing reefs.",Abundance:,Uncommon.
Platygyra carnosus,"Veron, 2000",Characters:,"Colonies are massive and cerioid to submeandroid with thin, acute walls. Valleys are irregular in length in the same colony. Septa are thin and highly granulated. They converge and may fuse except where valleys are straight. Columellae are well developed. Polyps are fleshy.",Colour:,"Uniform brown or red, with pale tops to walls.",Habitat:,Shallow reef environments.,Abundance:,Common only around mainland Japan.
Platygyra contorta,"Veron, 1990",Characters:,"Colonies are form solid plates or are massive, encrusting or columnar. Valleys are usually long and relatively straight at colony margins, becoming short, sinuous and contorted towards the colony centre. Walls are thin. Septa are highly irregular.",Colour:,"Red, grey, pale yellow or green, with valley walls and floors of contrasting colours.",Habitat:,Rocky foreshores or shallow reef environments.,Abundance:,Common.
Platygyra crosslandi,"(Matthai, 1928)",Characters:,"Colonies are massive or form thick plates. Valleys are short. Walls are thick and rounded, with evenly exsert irregularly dentate septa. Columellae may be well developed.",Colour:,"Brown, usually with greenish valleys.",Habitat:,Most reef environments.,Abundance:,Common.
Platygyra daedalea,"(Ellis and Solander, 1786)",Characters:,"Colonies are generally massive, and meandroid or submeandroid, with thick walls. Septa are exsert and have a characteristically ragged appearance. Columellae are weakly developed and centres are indistinct.",Colour:,"Commonly brightly coloured, usually with brown walls and grey or green valleys.",Habitat:,"Most reef environments, especially back reef margins.",Abundance:,Usually uncommon.
Platygyra lamellina,"(Ehrenberg, 1834)",Characters:,"Colonies are massive and meandroid, with thick walls. Septa are uniformly exsert and are neat and rounded. Columellae may be well developed, but do not form distinct centres.",Colour:,Usually brown or with brown walls and grey or green valleys.,Habitat:,"Most reef environments, especially back reef margins.",Abundance:,Usually uncommon.
Platygyra pini,"Chevalier, 1975",Characters:,"Colonies are generally massive. Corallites are monocentric or form short valleys. Walls are thick, with rounded edges. Septa are thin and evenly spaced. There may be some development of columella centres and/or paliform lobes.",Colour:,Usually grey- or yellow-brown with green or cream valley floors.,Habitat:,Shallow reef environments.,Abundance:,Usually uncommon.
Platygyra ryukyuensis,"Yabe and Sugiyama, 1936",Characters:,Colonies are massive with mostly short valleys. Some colonies are monocentric or nearly so. Valleys are narrow (3-4.5 mm wide) and walls are thin. Septo-costae are irregular and have irregular teeth. There are no paliform lobes.,Colour:,"Dark brown, grey or green, usually with valley walls and floors of contrasting colours.",Habitat:,Shallow reef environments.,Abundance:,Usually uncommon.
Platygyra sinensis,"(Milne Edwards and Haime, 1849)",Characters:,"Colonies are massive or flat and usually fully meandroid, with thin walls. Septa are thin and slightly exsert. Columellae are weakly developed and there are no columella centres.",Colour:,Variable dull or bright colours.,Habitat:,"Most reef environments, especially back reef margins.",Abundance:,Usually uncommon.
Platygyra verweyi,"Wijsman-Best, 1976",Characters:,"Colonies are massive, and cerioid to submeandroid with thin, acute walls. Septa are thin and uniformly spaced. Columellae are weakly developed or absent.",Colour:,"Uniform or mottled grey or brown, usually with contrasting walls and valley floors.",Habitat:,Reef flats and upper slopes.,Abundance:,Rare.
Platygyra yaeyamaensis,"(Eguchi and Shirai, 1977)",Characters:,"Colonies are encrusting or submassive. Most are monocentric or nearly so, especially towards the colony centre. Septa are exsert and have irregular teeth giving colonies a ragged appearance. Columellae form indistinct centres. Paliform lobes are weakly developed.",Colour:,"Brown or cream, sometimes with green or cream valley floors.",Habitat:,Reef environments.,Abundance:,Unknown.
Plerogyra cauliformis,"Ditlev, 2003",Characters:,"Colonies are phaceloid. Corallites are mostly monocentric. Septa are very large, solid, exsert, with smooth margins and sides. Columellae are absent or formed of a twised septum. Polyps or polyp vesicles are extended during the day and have a warty surface.",Colour:,Red-brown with pale polyp warts.,Habitat:,Soft mud.,Abundance:,Uncommon.
Plerogyra discus,"Veron and Fenner, 2000",Characters:,Colonies are flabello-meandroid with valleys completely separated. Sometimes living parts of colonies are separated by dead basal parts. Valleys are approximately 20 millimetres wide and divide infrequently. Primary septa are approximately 10 millimetres exsert and are rounded in shape. They plunge steeply within the valleys and do not form columellae. Polyps have mantles up to 50 millimetres wide which obscure the underlying septa. These mantles have elongate vesicles which vary greatly in degree of inflation.,Colour:,"Grey, usually with vesicles darker than mantles.",Habitat:,Lower protected reef slopes.,Abundance:,Uncommon.
Plerogyra simplex,"Rehberg, 1892",Characters:,"Colonies are branched, the branches being of uniform length and uniformly spaced. Branches are monocentric, forming phaceloid colonies. The coenosteum is smooth, with costae only formed below corallite rims. During the day, vesicles sometimes form a continuous mass although the underlying phaceloid shape can be distinguished. At night, long tentacles are extended from the base of vesicles.",Colour:,"Cream, grey or pale brown.",Habitat:,Shallow protected reef environments especially in turbid water.,Abundance:,Usually uncommon.
Plerogyra sinuosa,"(Dana, 1846)",Characters:,"Colonies are flabello-meandroid with valleys more or less connected by a light blistery coenosteum. Sometimes living parts of colonies are separated by dead basal parts. Vesicles are the size of grapes and usually have the shape of grapes but may be tubular, bifurcated or irregular, depending primarily on the state of inflation.",Colour:,Cream or bluish-grey.,Habitat:,"Protected reef environments, especially, but not necessarily, in turbid water.",Abundance:,Seldom common.
Plesiastrea versipora,"(Lamarck, 1816)",Characters:,"Colonies are flat and are frequently lobed, up to 3 m across in high latitude localities, usually smaller in the tropics. Corallites are 2-4 mm diameter. Paliform lobes form a neat circle around small columellae. Tentacles are sometimes extended during the day; they are short and are of two alternating sizes.",Colour:,"Yellow, cream, green or brown, usually pale colours in the tropics and bright colours (green or brown) in high latitude areas.",Habitat:,Occurs in most reef environments but especially in shaded places such as under overhangs. Also occurs on rocky foreshores of temperate locations protected from strong wave action.,Abundance:,Probably common.
Pocillopora acuta,"Lamarck, 1816",Characters:,"Colonies have fine branches, compact or open, with acute tips. Corallites are moderately spaced, mostly oval. Septa are rudimentary, columellae are flat, dome-shaped. The coenosteum if covered with elaborated spinules.",Colour:,Pale brown or greenish.,Habitat:,Upper reef slopes.,Abundance:,Common.
Pocillopora aliciae,"Schmidt-Roach, Miller and Andreakis, 2013",Characters:,"Colonies have robust flattened sprawling branches with rounded ends and no distinct verrucae. Corallites are round, crowded, with thin walls, weakly developed septa and little or no columella development.",Colour:,Dark brown-green.,Habitat:,Non-reef rock substrates exposed to strong wave action.,Abundance:,Common on exposed reef fronts.
Pocillopora ankeli,"Scheer and Pillai, 1974",Characters:,Colonies are small and compact with short knobby branches. Verrucae are small and crowded. Corallites are crowded on verrucae.,Colour:,Dark rust-brown or greenish-brown.,Habitat:,Shallow reef environments.,Abundance:,Uncommon or rare.
Pocillopora bairdi,"Schmidt-Roach, 2014",Characters:,"Colonies are compact clumps of long, non-tapering, straight, equidistant branches radiating from a solid base and dividing frequently. Verrucae are small and evenly distributed.",Colour:,"Dark rust-brown basal parts of branches and white , pink or cream distal parts.",Habitat:,Shallow reef environments.,Abundance:,Unknown.
Pocillopora brevicornis,"Lamarck, 1816",Characters:,Colonies are composed of short thick crowded ranches becoming globular in shape. Corallites are crowded with irregular outlines. Septa and columellae are poorly developed. The coenosteum is reduced to thing ridges covered with spinnules.,Colour:,Pale yellow.,Habitat:,Upper reef slopes.,Abundance:,Uncommon except in the far eastern Pacific.
Pocillopora capitata,"Verrill, 1864",Characters:,"Colonies form irregular mounds or are openly branched. Branches are tall and upright, almost cylindrical in section, becoming flattened towards the tip. Verrucae are elongate but are of irregular size and are irregularly distributed on branches.",Colour:,Brown.,Habitat:,Shallow rocky foreshores.,Abundance:,Common.
Pocillopora damicornis,"(Linnaeus, 1758)",Characters:,Colonies are compact clumps reaching several metres across. There is no clear distinction between verrucae and branches as these intergrade with each other. Branches are highly compact and sturdy in habitats exposed to strong wave action and are thin and open in deep or protected habitats.,Colour:,"Usually pale brown, greenish or pink.",Habitat:,Occurs in all shallow water habitats from exposed reef fronts to mangrove swamps and wharf piles.,Abundance:,Usually uncommon.
Pocillopora danae,"Verrill, 1864",Characters:,"Colonies may be over one metre across and are composed of irregular, mostly prostrate branches that tend to form a three dimensional tangle. Verrucae are widely spaced and irregular in size, although they remain distinct from branches.",Colour:,"Usually cream, brown or pink.",Habitat:,Partly protected reef slopes.,Abundance:,Common at Clipperton Atoll and rocky foreshores of western Mexico.
Pocillopora effusus,"Veron, 2000",Characters:,Colonies are commonly more than 2 metres across and are composed of prostrate flattened branches which fuse. Verrucae vary greatly in size from one colony to a neighbouring colony.,Colour:,Greenish-brown or tan.,Habitat:,Shallow reef environments and rocky foreshores exposed to strong wave action.,Abundance:,Locally common in some regions of the central Indo-Pacific and the far eastern Pacific.
Pocillopora elegans,"Dana, 1846",Characters:,"Colonies are usually compact clumps composed of uniform, thick, primarily upright branches with flattened ends. Verrucae are uniform, rounded and smooth.",Colour:,"Cream, brown-green or pink.",Habitat:,Shallow reef environments.,Abundance:,Common.
Pocillopora eydouxi,"Milne Edwards, 1860",Characters:,"Colonies are composed of stout, upright, flattened branches. Colonies are often over one metre across and may form large single species stands. Branches may be widely separated or may be compact, especially where currents are strong. Verrucae are uniform in shape and spacing.",Colour:,Usually pale to dark green or brown.,Habitat:,"Most reef environments, but especially exposed reef fronts and where currents are strong.",Abundance:,Uncommon.
Pocillopora fungiformis,"Veron, 2000",Characters:,"Colonies are up to 2 metres across and are primarily encrusting. Large colonies have upright or inclined bifurcating branches up to 0.2 metres long. They mostly have flattened ends. Verrucae are irregular. On inclined branches these are better developed on upper surfaces. Branches are tall and upright, almost cylindrical in section, becoming flattened towards the tip. Verrucae are elongate but have irregular sizes and are irregularly distributed on branches. Corallites are closely compacted and cellular, with one septum more developed than the others.",Colour:,Greenish-brown.,Habitat:,Shallow reef environments exposed to strong wave action.,Abundance:,Common.
Pocillopora indiania,"Veron, 2000",Characters:,Colonies are commonly over one metre across and are hemispherical in shape. They are composed of straight radiating cylindrical branches which divide infrequently. Branches are usually compact. Verrucae are elongate and project outwardly or upwards.,Colour:,Brown with pale tips.,Habitat:,Shallow reef environments.,Abundance:,Usually uncommon.
Pocillopora kelleheri,"Veron, 2000",Characters:,Colonies form wide plates with prostrate branches that are usually evenly spaced. Colonies are usually attached on one side and do not form clumps. Verrucae are uniform in size and are not crowded.,Colour:,"Light brown, rarely purple or green.",Habitat:,Shallow exposed reef environments.,Abundance:,Uncommon.
Pocillopora ligulata,"Dana, 1846",Characters:,"Colonies are up to 0.5 metres across, compact with irregularly radiating branches which have flattened ends and truncated tips. Verrucae are widely spaced and irregular.",Colour:,Yellowish-brown.,Habitat:,Shallow water exposed to strong wave action.,Abundance:,"Common on exposed reef fronts, uncommon elsewhere."
Pocillopora meandrina,"Dana, 1846",Characters:,"Colonies are small upright bushes. Branches radiate from the initial point of growth. They are flattened, those in shallow water being curved when viewed from above. Verrucae are neat and uniform.",Colour:,"Usually cream, green or pink.",Habitat:,Shallow reef environments.,Abundance:,Rare.
Pocillopora molokensis,"Vaughan, 1907",Characters:,Colonies are bushy with short compacted branches that curve downwards. Verrucae are primarily on the upper surfaces of branches.,Colour:,Pale brown.,Habitat:,Occurs only in deep water.,Abundance:,Common.
Pocillopora verrucosa,"(Ellis and Solander, 1786)",Characters:,"Colonies are seldom more than 0.5 metres across and are composed of uniform upright branches clearly distinct from the verrucae, but the latter are irregular in size. Branches are thick and compact in habitats exposed to strong wave action, becoming open and thinner in protected habitats. Bleached skeletons have permanently coloured red-brown main branches.",Colour:,"Usually cream, brown or pink, sometimes blue.",Habitat:,Occurs in most shallow water environments from exposed reef fronts to protected fringing reefs.,Abundance:,Uncommon.
Pocillopora woodjonesi,"Vaughan, 1918",Characters:,Colonies are irregular in shape and are composed of flattened branches which tend to sprawl over the substrate. The coenosteum is covered with fine granules.,Colour:,Pink or brown.,Habitat:,Upper reef slopes exposed to strong wave action.,Abundance:,Uncommon.
Pocillopora zelli,"Veron, 2000",Characters:,"Colonies form hemispherical mounds or are openly branched. Branches are tall and upright, almost cylindrical in section, becoming flattened towards the tip. Verrucae are widely spaced, short and uniform. Outer branches of colonies may be fused.",Colour:,Brown with white branch tips.,Habitat:,Shallow reef environments and rocky foreshores.,Abundance:,Usually uncommon.
Podabacia crustacea,"(Pallas, 1766)",Characters:,"Colonies are attached, encrusting or laminar, unifacial, and may form tiers. A central corallite is sometimes distinguishable; peripheral corallites are exsert and inclined towards the plate margins.",Colour:,"Tan or dark brown. Septo-costae are cream, often with pale margins.",Habitat:,Most reef environments.,Abundance:,Locally common.
Podabacia kunzmanni,"Hoeksema, 2009",Characters:,Colonies are small side-or centrally attached plates. A central corallite is distinct and peripheral corallites are regularly spaced. Septo-cosate mostly radiate from the central corallite and are in three dissimilar orders. All have very elaborated dentations. Columellae are small.,Colour:,"Ocher to brown, with a light brown periphery.",Habitat:,Occurs on reef rubble.,Abundance:,Rare.
Podabacia lankaensis,"Veron, 2000",Characters:,"Colonies are loosely attached or free-living, encrusting or laminar, and unifacial, with irregularly lobed margins and an irregularly contorted surface. There is no central corallite. Peripheral corallites are inclined towards the plate margins. Septo-costae are similar to those of .",Colour:,Grey-brown with white margins.,Habitat:,"Shallow, horizontal, protected, partly turbid environments.",Abundance:,Uncommon.
Podabacia motuporensis,"Veron, 1990",Characters:,"Colonies are attached, encrusting or laminar, unifacial and may form tiers. A central corallite is sometimes distinguishable. Peripheral corallites are small and not strongly inclined towards the plate margins. Septo-costae are similar to those of .",Colour:,Brown or grey.,Habitat:,Most reef environments.,Abundance:,Uncommon.
Podabacia sinai,"Veron, 2000",Characters:,"Colonies are attached, laminar, unifacial and may form tiers. Plates usually have lobed margins and commonly have radiating costal ridges. Corallites are small and not inclined towards the plate margins. Septo-costae are similar to those of .",Colour:,Pale brown with white margins.,Habitat:,Most reef environments.,Abundance:,Rare.
Polycyathus chaishanensis,"Lin, Kitahara, Tachikawa, Keshavmurthy and Chen, 2012",Characters:,Small colonies of cylindrical corallites which may originate from stolons or an encrusting base.  Budding is both intra-and extratentacular. There are 4 orders of septa and large columella consisting of pinnules.,Colour:,Brown with white septal margins.,Habitat:,Shallow reef environments.,Abundance:,Sometimes common due to mass reproduction by autotomy.
Polyphyllia novaehiberniae,"(Lesson, 1831)",Characters:,"Colonies are free-living and irregular in shape, with an axial furrow that may become indistinct. The wall is thin. Septo-costae radiate in a fan from a central corallite or are perpendicular to the colony margin, in which case they form distinctive lines of demarcation (see black-and-white photograph of skeleton). Primary septa are petaloid and form neat rows embedded in fused septa of lower orders. Tentacles are extended during the day giving colonies a hairy appearance.",Colour:,Brown.,Habitat:,Protected reef slopes and lagoons.,Abundance:,Common.
Polyphyllia talpina,"(Lamarck, 1801)",Characters:,"Colonies are free-living and elongate, with an axial furrow that may become indistinct. Colonies are occasionally Y, T or X shaped. Centres are evenly distributed over the upper surface. Primary septa are short and elliptical or petaloid. Secondary septa usually fuse around the primaries to form a background matrix. Tentacles are usually extended during the day; they are long and numerous.",Colour:,"Grey, greenish or cream, with white tentacle tips.",Habitat:,"Reef slopes, especially where  is common.",Abundance:,Common.
Porites annae,"Crossland, 1952",Characters:,Colonies have nodular anastomosing branches or columns with encrusting or laminar bases. In turbid water colonies are predominantly laminar.,Colour:,"Pale or dark green, yellow, purple or brown.",Habitat:,May form single species stands on sloping reef faces in clear or turbid water.,Abundance:,Locally common.
Porites aranetai,"Nemenzo, 1955",Characters:,Colonies are encrusting with a smooth or nodular surface forming short branches. The septal pattern is highly variable.,Colour:,Mottled green or pale cream.,Habitat:,Shallow reef environments.,Abundance:,Common.
Porites arnaudi,"Reyes-Bonilla and Carricart-Ganivet, 2000",Characters:,Colonies are flat plates which may be arranged as tiers or whorls. Corallites are compact and deeply excavated.,Colour:,"Pale brown or greenish-grey, usually with pale margins to plates.",Habitat:,Upper reef slopes or rocky foreshores exposed to strong wave action.,Abundance:,Common.
Porites astreoides,"Lamarck, 1816",Characters:,Colonies are generally massive but are often encrusting. They are usually small but may be several metres across. The surface is usually lumpy but is sometimes smooth or nodular. Tentacles are commonly extended during the day.,Colour:,"Usually bright yellow to dull grey-brown, sometimes green.",Habitat:,All reef environments.,Abundance:,Common.
Porites attenuata,"Nemenzo, 1955",Characters:,Colonies are sturdy fused branches with rounded tips. Corallites are moderately excavated. The coenosteum is coarse.,Colour:,"Usually mustard or bright yellow-green, also pale brown.",Habitat:,Shallow protected reef environments.,Abundance:,Common.
Porites australiensis,"Vaughan, 1918",Characters:,Colonies are hemispherical to helmet-shaped and may be large. The surface is smooth or has irregular humps and nodules.,Colour:,Usually cream or yellow but may be bright colours in shallow water.,Habitat:,"Occurs with  and  on back reef margins, lagoons and fringing reefs.",Abundance:,Uncommon.
Porites branneri,"Rathbun, 1887",Characters:,Colonies are thin encrusting plates with nodular upgrowths. Septa are uniform in spacing and length.,Colour:,Blue (which may photograph purple).,Habitat:,Protected shallow reef environments.,Abundance:,Common.
Porites brighami,"Vaughan, 1907",Characters:,"Colonies are small nodules, usually less than 0.5 metres across. Corallites are deep, funnel-shaped, and polygonal. Septa are thickened near the wall.",Colour:,"Grey, brown or green.",Habitat:,Shallow reef environments.,Abundance:,Occasionally locally common.
Porites cocosensis,"Wells, 1950",Characters:,Colonies are encrusting with a nodular surface forming short branches. Corallites are deeply excavated giving a cellular appearance. Very tall pali are visible underwater where they resemble slightly extended tentacles.,Colour:,"Usually grey, green or blue.",Habitat:,Shallow reef environments.,Abundance:,Locally common.
Porites colonensis,"Zlatarski, 1990",Characters:,"Colonies are thin plates, sometimes in tiers. Surfaces of plates are smooth or undulating.",Colour:,Brown with white polyps.,Habitat:,Reef slopes.,Abundance:,Uncommon.
Porites columnaris,"Klunzinger, 1879",Characters:,Colonies are submassive or form short columns which may branch. These have a smooth surface.,Colour:,Pale brown.,Habitat:,Shallow reef environments.,Abundance:,"The dominant coral in Kaneohe Bay, Hawaii."
Porites compressa,"Dana, 1846",Characters:,Colonies may form large patches of reefs. Branches are cylindrical and commonly fuse. Growth-forms and corallite characters are extremely variable so much so that single reef patches are composites of distinct races.,Colour:,Mostly dull greys and browns.,Habitat:,Shallow protected reef and lagoon environments.,Abundance:,Uncommon.
Porites cumulatus,"Nemenzo, 1955",Characters:,Colonies are highly fused flattened branches. Corallites are angular and superficial. Branch surfaces are smooth.,Colour:,Cream or pale brown.,Habitat:,Shallow protected reef environments.,Abundance:,Common.
Porites cylindrica,"Dana, 1846",Characters:,"Colonies are branching, sometimes with an encrusting base. Corallites are shallow giving branches a smooth surface.",Colour:,"Usually cream, yellow, blue or green.",Habitat:,May be a dominant species in lagoons or on back reef margins.,Abundance:,Common.
Porites decasepta,"Claereboudt, 2006",Characters:,"Colonies are small (<100 mm diameter), encrusting. Corallites are <1 mm diameter and flush with the colony surface. The  pattern of septal fusion is barely distinguishable as the ventra triplet is not formed.",Colour:,Bright blue.,Habitat:,Shallow exposed reef.,Abundance:,Uncommon.
Porites deformis,"Nemenzo, 1955",Characters:,Colonies are thin basal laminae and nodular branches that fuse into clumps. Corallites are superficial and branch surfaces are smooth. Tentacles are sometimes extended during the day.,Colour:,Pale brown.,Habitat:,Shallow protected reef environments.,Abundance:,Sometimes common.
Porites densa,"Vaughan, 1918",Characters:,"Colonies are hemispherical, less than 0.5 metres across, with an even surface.",Colour:,"Cream, grey or brown.",Habitat:,Back reef margins.,Abundance:,Common.
Porites desilveri,"Veron, 2000",Characters:,Colonies are encrusting with a smooth or nodular surface forming short branches. Septa are so irregular that the  pattern is often unrecognisable.,Colour:,Grey with white tops to nodules.,Habitat:,"Shallow reef environments, especially lagoons.",Abundance:,Usually common.
Porites divaricata,"Lesueur, 1820",Characters:,"Colonies are thin fused branches with flattened tips. Corallites are deeply excavated and, with a coarse coenosteum, form a rough surface. Tentacles are usually extended during the day.",Colour:,Uniform grey-brown or greenish-yellow.,Habitat:,"Shallow protected reef environments, especially seagrass beds.",Abundance:,Common.
Porites duerdeni,"Vaughan, 1907",Characters:,"Colonies are nodular or short thick dividing columns. Corallites are excavated, 1-2 mm diameter, crowded, excavated. Triplet septa are usually  unfused. Pali are weakly developed and irregular in number. Septa have two conspicuous rows of denticles. Columellae are well-formed.",Colour:,Cream to pale grey.,Habitat:,Shallow reef environments.,Abundance:,Common.
Porites echinulata,"Klunzinger, 1879",Characters:,"Colonies are massive, flat or consisting of flat-topped columns. The coenosteum between corallites is granulated giving a rough appearance which can be seen underwater.",Colour:,Grey or tan.,Habitat:,Shallow reef environments.,Abundance:,Usually uncommon.
Porites eridani,"Umbgrove, 1940",Characters:,"Colonies are large basal laminae, often with contorted branches. Corallites are irregularly distributed on both laminae and branches.",Colour:,Brown.,Habitat:,Shallow protected reef environments.,Abundance:,Usually uncommon.
Porites evermanni,"Vaughan, 1907",Characters:,Colonies are massive with a tendency to form columns. Tentacles are usually extended during the day.,Colour:,"Usually mustard, sometimes brown.",Habitat:,"Shallow protected reef environments, especially lagoons.",Abundance:,Locally common.
Porites flavus,"Veron, 2000",Characters:,Colonies consist of thin tapered branches which irregularly fuse. There are no basal laminae. Corallites are superficial giving branches a smooth appearance.,Colour:,Uniform pale grey with yellow tips to branches.,Habitat:,Shallow protected fringing reefs.,Abundance:,Probably uncommon.
Porites fontanesii,"Benzoni and Stefani, 2012",Characters:,"Colonies are columnar or form short stumpy branches, up to 500 mm wide, with a smooth surface. Coralltes are >1mm diameter. Septa are in typical  pattern with a fused triplet. There are 5 prominent pali.",Colour:,Grey.,Habitat:,Reef habitats.,Abundance:,Common.
Porites furcata,"Lamarck, 1816",Characters:,Colonies are compact branches with flattened tops. Corallites are deeply excavated. Tentacles are usually extended during the day.,Colour:,Uniform grey-brown.,Habitat:,Shallow to mid-slope reef environments.,Abundance:,Locally common and may be a dominant species.
Porites harrisoni,"Veron, 2000",Characters:,"Colonies are usually less than one metre across. They have a wide range of submassive, nodular, columnar and branching growth-forms on a broad encrusting base.",Colour:,"Commonly dark brown, also pink or blue.",Habitat:,Shallow fringing reefs.,Abundance:,Common.
Porites hawaiiensis,"Vaughan, 1907",Characters:,"Colonies are small (<100 mm diameter), encrusting. Corallites are small (<0.7 mm diameter), not moderately space, and have the same septal configuration as P. rus. The consteum is covered with distinctive spinules.",Colour:,Mottled yellow and green-brown.,Habitat:,Reef habitats.,Abundance:,"Common in subtropical localities, rare in the tropics."
Porites heronensis,"Veron, 1985",Characters:,"Colonies are generally submassive, encrusting or columnar. Corallites are shallow giving colonies a smooth surface.",Colour:,"Cream, green, brown or mottled.",Habitat:,Semi-protected shallow reef or terrigenous rock substrates.,Abundance:,Sometimes common.
Porites horizontalata,"Hoffmeister, 1925",Characters:,Colonies are composites of encrusting laminae and contorted anastomosing branches. Corallites are separated into groups by ridges.,Colour:,Pale brown with cream extremities of branches and plates. Sometimes brightly coloured in shallow water.,Habitat:,Shallow reef environments.,Abundance:,Uncommon.
Porites latistellata,"Quelch, 1886",Characters:,Colonies are thin basal laminae and twisted flattened branches. Corallites are aligned in irregular rows along the branches.,Colour:,Pale brown.,Habitat:,Shallow protected reef environments.,Abundance:,Common and usually conspicuous.
Porites lichen,"Dana, 1846",Characters:,"Colonies are flat laminae or plates, or fused nodules and columns. Corallites are commonly aligned in irregular rows separated by slight ridges. Septal structures are variable and irregular.",Colour:,"Usually bright yellowish-green, sometimes brown.",Habitat:,Frequently a dominant species of lagoons and reef slopes.,Abundance:,Probably the most common .
Porites lobata,"Dana, 1846",Characters:,Colonies are usually hemispherical or helmet-shaped and may be over 4 metres across. They commonly form ‘micro-atolls’ in intertidal habitats. The surface is usually smooth.,Colour:,"Usually cream or pale brown but may be bright blue, purple or green in shallow water.",Habitat:,"Frequently a dominant species of back reef margins, lagoons and some fringing reefs.",Abundance:,Usually uncommon.
Porites lutea,"Milne Edwards, 1860",Characters:,Colonies are hemispherical or helmet-shaped and may be over 4 metres across. They usually form �micro-atolls� in intertidal habitats. The surface is usually smooth.,Colour:,Usually cream or yellow but may be bright colours in shallow water.,Habitat:,"Occurs with�P. lobata�and�P. australiensis�on back reef margins, lagoons and fringing reefs.",Abundance:,Common.
Porites mayeri,"Vaughan, 1918",Characters:,Colonies are hemispherical and may be over 4 metres across. The surface is smooth or lobed.,Colour:,"Cream or brown, sometimes purple or blue (which may photograph pink).",Habitat:,"Back reef margins, lagoons and fringing reefs.",Abundance:,Common in the western Indian Ocean.
Porites monticulosa,"Dana, 1846",Characters:,"Colonies are massive, columnar, laminar, branching or encrusting and are usually less than one metre across. They are commonly mixtures of these growth-forms. Corallites are separated into groups by ridges.",Colour:,Usually brown or blue.,Habitat:,Shallow reef environments.,Abundance:,Sometimes common.
Porites murrayensis,"Vaughan, 1918",Characters:,"Colonies are generally hemispherical or spherical, up to 0.5 metres across. The colony surface is smooth and corallites are evenly spaced.",Colour:,"Usually cream or brown, but may be bright colours in shallow water.",Habitat:,"Shallow clear water, especially reef flats.",Abundance:,Usually uncommon.
Porites myrmidonensis,"Veron, 1985",Characters:,Colonies are massive and may be over 4 metres across. The surface is usually nodular. Corallites are in deeply excavated pits and are distinctive underwater.,Colour:,Uniform or mottled green or brown.,Habitat:,Upper reef slopes exposed to strong wave action.,Abundance:,Sometimes common.
Porites napopora,"Veron, 2000",Characters:,"Colonies are broad basal laminae with irregular clumps of tapered irregularly fused branches. Corallites are irregularly spaced and are in excavated pits. Those on branches are especially deeply excavated, giving branches a rough surface. Walls between corallites are thin.",Colour:,Brown with white corallite centres.,Habitat:,Shallow reef environments.,Abundance:,Uncommon.
Porites negrosensis,"Veron, 1990",Characters:,Colonies are clumps of anastomosing contorted branches. Large colonies may develop basal laminae. Corallites are widely spaced and conspicuously excavated. The coenosteum is fine.,Colour:,Pale brown or grey.,Habitat:,Shallow protected reef environments where diversity is high.,Abundance:,Sometimes common.
Porites nigrescens,"Dana, 1846",Characters:,"Colonies are branching, sometimes with an encrusting base. Concave calices give the surface a pitted appearance. Tentacles are frequently extended during the day.",Colour:,Brown or cream.,Habitat:,Common on lower reef slopes and lagoons protected from wave action.,Abundance:,Common and may form patch reefs.
Porites nodifera,"Klunzinger, 1879",Characters:,"Colonies are compact clusters of columns, which have a smooth surface. Individual columns tend to be isolated subcolonies. Tops of columns tend to be squared off. Small colonies usually consist of nodular subcolonies.",Colour:,Pale brown.,Habitat:,Shallow water. Tolerant of high salinities.,Abundance:,Uncommon.
Porites okinawensis,"Veron, 1990",Characters:,"Colonies are encrusting to massive, with an irregular surface. Corallites are superficial and angular. The coenosteum between corallites is granulated giving a rough appearance which can be seen underwater.",Colour:,"Pale brown or cream, sometimes green in high latitudes.",Habitat:,Semi-protected shallow reef or terrigenous rock substrates.,Abundance:,Uncommon or rare.
Porites ornata,"Nemenzo, 1971",Characters:,Colonies are clumps of fused branches which are usually tapered. Corallites are small and superficial.,Colour:,Pale cream.,Habitat:,Shallow protected reef environments.,Abundance:,Locally common.
Porites panamensis,"Verrill, 1866",Characters:,Colonies are lobed or form short branches. The surface is smooth to undulating.,Colour:,Greenish-grey.,Habitat:,Rocky foreshores.,Abundance:,Sometimes common.
Porites porites,"(Pallas, 1766)",Characters:,"Colonies are sturdy fused branches with rounded tips. Corallites are deeply excavated and, with a coarse coenosteum, form a rough surface. Tentacles are usually extended during the day.",Colour:,Uniform grey-brown.,Habitat:,Shallow protected reef environments.,Abundance:,Uncommon or rare.
Porites profundus,"Rehberg, 1892",Characters:,"Colonies are composed of straight, slightly tapered branches. Corallites are deeply excavated and angular, with thin walls.",Colour:,"Grey or brown, usually with pale walls and darker centres.",Habitat:,Shallow reef environments.,Abundance:,Usually uncommon.
Porites pukoensis,"Vaughan, 1907",Characters:,Colonies are massive with a tendency to form columns. Tentacles are usually extended during the day.,Colour:,Brown or tan.,Habitat:,"Shallow protected reef environments, especially lagoons.",Abundance:,Common.
Porites randalli,"Forsman and Birkeland, 2009",Characters:,"Colonies are clusters of nodular clumps becoming submassive. Corallite are 1-1.2 mm diameter, excavated, with a septal pattern characterised by a fused triplet and 6 pali, 5 of which are large. Columellae are small. The walls are synapticular ridges.",Colour:,Mottled yellowish green.,Habitat:,Reef habitats.,Abundance:,Uncommon.
Porites rugosa,"Fenner and Veron, 2000",Characters:,"Colonies are branching, the branches being irregularly contorted and fused. Corallites are very small and are deeply embedded in the coenosteum. The coenosteum is very rough and seldom surrounds corallites, but rather forms irregular ridges.",Colour:,"Pale brown or pinkish, with yellow tips to branches.",Habitat:,Shallow reef environments.,Abundance:,Common and may be a dominant species in a wide range of habitats.
Porites rus,"(Forskål, 1775)",Characters:,"Colonies are submassive, encrusting or form contorted anastomosing branches, and are commonly over 5 metres across. Corallites are separated into groups by ridges which characteristically converge towards each other forming flame-shaped patterns.",Colour:,"Pale cream, yellow or dark bluish-brown, often with pale branch tips. Sometimes brightly coloured in shallow water.",Habitat:,Shallow reef environments.,Abundance:,Uncommon.
Porites sillimaniana,"Nemenzo, 1976",Characters:,Colonies are clumps of thin anastomosing branches or thin basal laminae with upright irregular branches arising from central parts. Corallites are often aligned in rows on the laminae. Tentacles are often extended during the day.,Colour:,"Pale yellow or brown, usually with white corallite centres.",Habitat:,Mostly on reef flats.,Abundance:,Common.
Porites solida,"(Forskål, 1775)",Characters:,"Colonies are massive, usually hemispherical, and may be several metres across. The surface is smooth to undulating. Corallites are conspicuously large.",Colour:,Brown or greenish yellow.,Habitat:,Shallow reef environments.,Abundance:,"Rare, except at Cocos (Keeling) Atoll."
Porites somaliensis,"Gravier, 1911",Characters:,"Colonies are massive, hemispherical, with a knobbly surface and may be several metres across.",Colour:,Pale brown.,Habitat:,Shallow reef environments.,Abundance:,Uncommon.
Porites stephensoni,"Crossland, 1952",Characters:,"Colonies are encrusting, hemispherical or columnar and are usually less than 0.5 metres across.",Colour:,Cream or brown.,Habitat:,Reef flats.,Abundance:,Unknown.
Porites studeri,"Vaughan, 1907",Characters:,"Colonies are massive, of unknown size range. Corallites are 1.5-2.0 mm diameter, slightly excavated.  septal pattern is clear with ventral septa usually not fused. The columella is small, pali inconspicuous. Columellae are laterally compressed. Synapticular rings are conspicuous in corallite walls.",Colour:,Tan.,Habitat:,Reef slopes.,Abundance:,Common in the Marshall Islands.
Porites superfusa,"Gardiner, 1898",Characters:,"Colonies are massive with a lobed, rarely columnar surface. Corallites are deeply excavated. Septa are short and thick, the columella is small.",Colour:,Brown green or lavender.,Habitat:,Shallow reef environments.,Abundance:,Sometimes common.
Porites sverdrupi,"Durham, 1947",Characters:,"Colonies are small, consisting of clumps of finer-like branches. Corallites are small, septa are irregular, with ventral septa fused. There are 5 tall pali. Columella are style-like or absent. Walls and coenosteum are a mass of elaborated spinules.",Colour:,Cream - reddish-brown.,Habitat:,Protected rubble substrates.,Abundance:,Sometimes common in Indonesia.
Porites tuberculosa,"Veron, 2000",Characters:,"Colonies are sturdy fused branches, sometimes with basal plates. Branches usually have squared-off tips. Corallites are moderately excavated and connected by ridges of coenosteum.",Colour:,Grey or green.,Habitat:,Shallow protected reef environments.,Abundance:,Sometimes common.
Porites vaughani,"Crossland, 1952",Characters:,"Colonies are encrusting, laminar or form columns. Corallites are widely spaced and separated by ridges. They are uniform in size within the same colony; those of colonies from exposed upper reef slopes are relatively small.",Colour:,"Usually pale cream, pink or brown but may be bright green or purple.",Habitat:,A wide range of environments.,Abundance:,Rare.
Poritipora paliformis,"Veron, 2000",Characters:,"Colonies are massive, usually hemispherical, and may be several metres across. The surface is smooth to undulating. Corallites are deeply excavated. There are two cycles of 12 septa each, 6 pali and no columella. Walls are thin.",Colour:,Dull brown.,Habitat:,Shallow reef environments and lagoons.,Abundance:,Sometimes common.
Psammocora albopicta,"Benzoni, 2006",Characters:,"Colonies are up to 1 m diameter, sub-massive to encrusting. Corallites are solitary or in short valleys approximately 1 mm wide. Septa are thick, uniform or irregularly fused with elaborated margins. Columellae are styliform. Walls are have conspicuous synapticular rings.",Colour:,Dark green to brown.,Habitat:,Reef habitats.,Abundance:,Common over a wide range of environments.
Psammocora contigua,"(Esper, 1794)",Characters:,"Colonies are mixtures of flattened branches, columns and/or irregular nodules. Sometimes they occur as free-living mobile balls. Corallite structures are fine and corallites are shallow, giving colonies a smooth surface.",Colour:,Pale to dark grey-brown.,Habitat:,Shallow reef environments and soft substrate.,Abundance:,Usually uncommon.
Psammocora digitata,"Milne Edwards and Haime, 1851",Characters:,"Colonies form submassive plates and/or columns. Corallites are small and shallow, each with a few slightly exsert petaloid primary septa.",Colour:,"Purple, grey or brown.",Habitat:,Most reef environments.,Abundance:,Uncommon.
Psammocora explanulata,"van der Horst, 1922",Characters:,"Colonies are thin plates or encrusting with a flat surface. Corallites are large for , are regularly distributed and have distinctive exsert primary septo-costae which may be petaloid or meandering.",Colour:,"Pale or dark brown or green, frequently mottled.",Habitat:,Protected reef environments especially in high latitudes.,Abundance:,Uncommon.
Psammocora haimiana,"Milne Edwards and Haime, 1851",Characters:,Colonies are encrusting or submassive. Corallites are situated at the bottom of depressions or are in short non-meandering valleys. Walls have acute tops. Primary septo-costae are petaloid but are not exsert.,Colour:,"Uniform grey, brown or sometimes bright colours.",Habitat:,Shallow reef environments.,Abundance:,Rare.
Psammocora nierstraszi,"van der Horst, 1921",Characters:,"Colonies are massive or encrusting and are primarily characterised by highly meandering valleys, often with steep walls. Corallites are distributed largely independently of the valleys. Petaloid primary septa are exsert giving the colony surface a rough appearance.",Colour:,"Grey, brown or cream.",Habitat:,Restricted to reef habitats exposed to strong wave action.,Abundance:,Rare.
Psammocora obtusangula,"(Lamarck, 1816)",Characters:,"Colonies are nodular or form small flattened branches. The latter may be only weakly attached to the substrate. Corallites are circular, not well defined and are not in valleys except at the tips of nodular growths where they are usually crowded. Septa are thick and wedge-shaped and have serrated margins. Columellae are prominent.",Colour:,"Tan, grey or yellow-brown.",Habitat:,Shallow reef environments and rubble.,Abundance:,Usually uncommon.
Psammocora profundacella,"Gardiner, 1898",Characters:,"Colonies are submassive or encrusting. Corallites are in short valleys. Walls are rounded although they may have a central ridge. Petaloid septo-costae are usually short, sometimes inconspicuous or absent.",Colour:,"Uniform grey, brown, tan or cream, usually with dark corallite centres.",Habitat:,Shallow reef environments,Abundance:,Presumably uncommon.
Psammocora stellata,"(Verrill, 1866)",Characters:,"Colonies are submassive or branching, with encrusting bases. Corallites have poorly defined walls. Approximately half of the septo-costae are tear-shaped. Columellae are poorly developed or absent.",Colour:,"Tan, grey or purple.",Habitat:,Shallow wave washed rock.,Abundance:,Uncommon and cryptic.
Pseudosiderastrea formosa,"Pichon, Chuang and Chen, 2012",Characters:,"Colonies are small, encrusting with cerioid corallites of uniform shape and dimensions, up to 4.4 mm diameter. Septa are equally spaced, of similar length or alternate. All have need rows of dentations. Columellae are large fused domes.",Colour:,Pale orange to grey.,Habitat:,Shallow rock faces exposed to wave action.,Abundance:,Uncommon.
Pseudosiderastrea tayamai,"Yabe and Sugiyama, 1935",Characters:,"Colonies are encrusting to slightly dome-shaped and up to 160 millimetres across. Corallites are cerioid, polygonal and 3-6 millimetres diameter. Septa are evenly spaced and usually fuse with each other in fan-like groups. They have fine, saw-like teeth. Columellae consist of one to four pinnules.",Colour:,Pale grey with distinctive white corallite walls. Uniform brown in the western Indian Ocean.,Habitat:,"Very shallow water, attached to bare rock.",Abundance:,Presumably rare.
Sandalolitha africana,"Veron, 2000",Characters:,"Colonies are flat, oval or irregular in shape. Corallites are evenly spaced. Peripheral septa and costae are aligned at right angles to the colony margins while those in the central area are parallel to its long axis. There is no axial furrow. Septa are thin.",Colour:,Brown or greenish-brown.,Habitat:,Shallow reef environments.,Abundance:,Usually uncommon.
Sandalolitha boucheti,"Hoeksema, 2012",Characters:,"Colonies are free-living, arched, irregularly oval or circular, up to 135 mm long. Corallites are more numer near the colony centre. Septo-costae are thin, closely packed, tend to alternate, and are highly ornamented.",Colour:,Light brown.,Habitat:,Reef environmens.,Abundance:,Common.
Sandalolitha dentata,"Quelch, 1884",Characters:,"Colonies are flat and irregular in shape, with corallites mostly in the central area. An axial furrow can be seen in small specimens. Septa vary greatly in height.",Colour:,"Brown or mottled, usually with white corallite centres.",Habitat:,Deep protected environments.,Abundance:,Uncommon.
Sandalolitha robusta,"(Quelch, 1886)",Characters:,"Colonies are large, free-living, circular to oval, dome-shaped and heavily constructed, without an axial furrow. Corallites are compact. Septa vary little in height. Tentacles are extended only at night.",Colour:,"Usually pale or dark brown or green, sometimes mottled and sometimes with purple margins and white corallite centres.",Habitat:,Most reef habitats.,Abundance:,Uncommon.
Scapophyllia cylindrica,"Milne Edwards and Haime, 1848",Characters:,"Colonies have thick laminar bases and blunt-ended columns which occasionally branch. Valleys are meandroid and sinuous. Septa are thick and fuse irregularly with each other and with the columellae. Columellae are composed of a few thick septal teeth. Tentacles are usually extended only at night and are long, tapering, and of uniform length.",Colour:,Usually cream or yellow-brown.,Habitat:,Usually found in partly turbid water such as around fringing reefs and in lagoons.,Abundance:,Uncommon.
Schizoculina africana,"(Thiel, 1928)",Characters:,"Colonies are encrusting to branching, sometimes over one metre across. Branches are primarily horizontal and may have a zig-zag shape. Corallites are circular, less than 4 millimetres diameter and are mostly on the upper surface of branches. Budding is extratentacular. A paliform crown is well developed.",Colour:,Dark brown to grey.,Habitat:,Rocky foreshores up to 35 metres depth.,Abundance:,Unknown but possibly common.
Schizoculina fissipara,"(Milne Edwards and Haime, 1850)",Characters:,"Encrusting to branching, sometimes over one metre across. Branching is primarily upright. Corallites are circular, up to 4-5 millimetres diameter but are occasionally linked in a series. Budding is extratentacular. A paliform crown is present.",Colour:,Light brown or blue-grey.,Habitat:,Rocky foreshores up to 35 metres deep.,Abundance:,Uncommon.
Sclerophyllia margariticola,"Klunzinger, 1879",Characters:,"Solitary, approximately circular, with calices up to 15 mm diameter. Walls are thick. Septa are not arranged in orders. They are all thick near the calice rim, taper and are strongly dentate. Columellae are large and spongy, deep with the calice. A paliform crown is sometimes developed.",Colour:,Cream to pale brown.,Habitat:,Reef slopes.,Abundance:,Uncommon.
Sclerophyllia maxima,"(Sheppard and Salm, 1988)",Characters:,Colonies are cerioid with corallites up to 50 millimetres diameter. Septa are coarsely toothed. Polyps have a fleshy mantle up to 100 millimetres diameter and with a –like texture.,Colour:,"Green, grey or brown.",Habitat:,"Known only from moderately deep, turbid water.",Abundance:,Uncommon.
Scolymia cubensis,"(Milne Edwards and Haime, 1849)",Characters:,"Usually attached but may be free-living, with a tapered base. Polyps have one, rarely two or more centres and are sometimes over 100 millimetres across. They may be only a few millimetres thick, with successive regrowths forming tiers. Sometimes corallites have several mouths. Septa are in two or three orders of slightly different size. A paliform crown may be distinguishable. Polyps are fleshy.",Colour:,"Uniform or variegated brown, red, tan or green. Sometimes bright orange (which may photograph brown).",Habitat:,Lower reef slopes and soft substrates.,Abundance:,Uncommon.
Seriatopora aculeata,"Quelch, 1886",Characters:,"Branches are thick (5-9 mm), short and strongly tapered. They are usually in fused clumps. Corallites are irregularly distributed on branches. Tentacles are commonly extended during the day.",Colour:,Pink or cream.,Habitat:,Shallow reef environments.,Abundance:,Usually uncommon.
Seriatopora caliendrum,"Ehrenberg, 1834",Characters:,A poorly defined species which shows a lot of geographic variation. Branches do not taper and they may be widely spaced or compact. Corallites are mostly arranged in rows along branches and tend to have -like hoods. Tentacles are often extended during the day.,Colour:,Cream or brown.,Habitat:,Mostly upper reef slopes.,Abundance:,Common.
Seriatopora dendritica,"Veron, 2000",Characters:,"Branches thin and tapered to a point, hence they have a needle-like appearance. Branches are widely spaced, less than 100 millimetres long, and usually fuse in an irregular manner. They are very fine and delicate, so that colonies fall apart if disturbed. Corallites are arranged in neat rows along branches. Tentacles are extended only at night.",Colour:,Pink or cream.,Habitat:,Protected reef environments.,Abundance:,Common.
Seriatopora guttatus,"Veron, 2000",Characters:,"Colonies are up to 0.3 metres across and are usually prostrate. Branches are irregularly fused. They are not tapered and do not have sharp points. Corallites are arranged irregularly or in indistinct rows. They have a well defined rim, but do not have hoods. Polyps are extended day and night.",Colour:,"A wide range of colours, with polyps and branches of contrasting colours.",Habitat:,Shallow reef environments especially where protected from strong wave action including vertical walls and beneath overhangs.,Abundance:,Uncommon.
Seriatopora hystrix,"Dana, 1846",Characters:,"Colonies may form extensive stands. Branches are thin and tapered to a point, hence they have a needle-like appearance. These may be either widely spaced or compact, up to 150 millimetres long, and usually fuse in an irregular manner. Colonies with short thick branches are normally found in habitats exposed to wave action. Corallites are arranged in neat rows along branches. Polyps are not extended during the day.",Colour:,"Pink, less commonly cream, blue or green.",Habitat:,Shallow reef environments especially intertidal reef flats.,Abundance:,Common.
Seriatopora stellata,"Quelch, 1886",Characters:,"Branches are thick (5-9 mm), short and strongly tapered. They are usually in fused clumps. Corallites are aligned in rows which are raised into ridges down the sides of branches. Tentacles are usually extended only at night.",Colour:,Pink or yellow-green.,Habitat:,Shallow reef environments.,Abundance:,Uncommon.
Siderastrea radians,"(Pallas, 1766)",Characters:,"Colonies are massive, usually less than 300 millimetres across. They sometimes occur as free-living mobile balls. Corallites are rounded, deep, usually irregular and 2.5-3 millimetres diameter. Septa are in three clearly defined cycles. Columellae consist of one or a few granules.",Colour:,Uniform light browns.,Habitat:,Shallow reef.,Abundance:,Common.
Siderastrea savignyana,"Milne Edwards and Haime, 1849",Characters:,"Colonies are encrusting or are low mounds up to one metre across. Corallites are polygonal, 2-4 millimetres diameter. Septa are neatly arranged: 30-35 at the wall, fusing in neat fan-like groups so that 10-15 fuse with the columella. Walls have a fine ridge along their tops.",Colour:,Pale tan or with dark centres and white corallite walls.,Habitat:,Shallow reef environments or sandy lagoons. Colonies are often partly buried in sand.,Abundance:,Common.
Siderastrea siderea,"(Ellis and Solander, 1786)",Characters:,"Colonies are encrusting to massive and are usually over one metre across. Corallites are 3-4.5 millimetres diameter, with numerous septa tightly compacted giving a smooth surface. Septa are uniformly separated and reduce in number from the wall to the columella without forming many fan-like fusions.",Colour:,Usually light reddish-brown.,Habitat:,Shallow reef environments.,Abundance:,Previously known from a single beach eroded specimen.
Siderastrea stellata,"Verrill, 1868",Characters:,"Colonies are massive and occasionally occur as free-living mobile balls. Corallites are rounded and shallow, 2.5-3.5 millimetres diameter. Septa have curved upper margins and are granulated. Most are not fused and do not form distinct cycles. Columellae consist of one or a few granules.",Colour:,Reddish-brown with pale walls.,Habitat:,Shallow lagoons and intertidal pools.,Abundance:,Usually uncommon.
Simplastrea vesicularis,"Umbgrove, 1939",Characters:,"Colonies are flat and encrusting. Corallites are circular, uniformly spaced and separated by blistery coenosteum. Walls are thin. Septa are well developed, thin and straight. The inner margins of septa form a columella tangle. The colony surface is covered by a mass of slightly extended tentacles.",Colour:,Pale brown.,Habitat:,Shallow reef environments.,Abundance:,Usually uncommon.
Solenastrea bournoni,"Milne Edwards and Haime, 1849",Characters:,"Colonies are massive, forming hemispherical domes with smooth or slightly irregular surfaces. Corallite rims form conspicuous dark circles. Tentacles, which may be extended during the day, are long, giving colonies a ragged appearance.",Colour:,Cream or tan with colourless or green polyps.,Habitat:,Shallow turbid environments including seagrass beds and reef lagoons.,Abundance:,"Sometimes common, rare in Brazil."
Solenastrea hyades,"(Dana, 1846)",Characters:,"Colonies are submassive, with irregular upgrowths. Corallites may be irregularly spaced. Tentacles are commonly extended during the day and give colonies a furry appearance.",Colour:,Cream or tan with dark brown polyps.,Habitat:,"A wide range of reef habitats and rocky foreshores, especially turbid environments.",Abundance:,Usually rare.
Stephanocoenia michelini,"Milne Edwards and Haime, 1848",Characters:,"Colonies are usually less than 0.3 metres across, massive to encrusting and usually form flattened domes. Septa are neatly arranged in two alternating orders that do not fuse with the columella. Columellae and pali are both well developed.",Colour:,"Tentacles are darker than the surrounding coenosteum and are extended day and night. If the colony is touched, tentacles promptly retract and the colony pales slightly.",Habitat:,"Shallow reef environments, especially surge channels.",Abundance:,"Rare, cryptic."
Stylaraea punctata,"(Linnaeus, 1758)",Characters:,"Colonies are circular, encrusting, less than 15 millimetres across with uniformly spaced corallites. Septa are in two cycles of 6 each. The columella is an irregular pinnule.",Colour:,Pale brown with white septa and columellae.,Habitat:,Subtidal environments usually uninhabited by other corals.,Abundance:,Rare.
Stylocoeniella armata,"(Ehrenberg, 1834)",Characters:,Colonies are encrusting. Corallites are widely spaced and form excavations in the coenosteum. Septa are in two equal or subequal cycles. Each corallite has a prominent coenosteum style.,Colour:,"Dark or bright red, brown or green.",Habitat:,Shallow reef environments.,Abundance:,"Uncommon, but more abundant than other Stylocoeniella species."
Stylocoeniella cocosensis,"Veron, 1990",Characters:,Colonies are small and encrusting. Corallites are irregularly exsert and less than one millimetre diameter. Septa are in two subequal cycles. Columellae are small. Coenosteum spinules are fine. Coenosteum styles are small or absent.,Colour:,Yellowish-green.,Habitat:,"Reef environments, especially under overhangs.",Abundance:,Uncommon.
Stylocoeniella guentheri,"(Bassett-Smith, 1890)",Characters:,"Colonies are encrusting, knobby, rarely columnar. Corallites are widely spaced and are flush with the coenosteum. Septa are in two unequal cycles. Coenosteum styles are small but distinctive.",Colour:,"Dark or pale greenish-brown, or mottled dark green, usually with white polyps.",Habitat:,Large colonies (greater than 0.5 metres across) are usually found only in high latitude environments.,Abundance:,Usually uncommon.
Stylophora danae,"Milne Edwards and Haime, 1850",Characters:,Colonies have low prostrate branches which irregularly fuse. Corallites are conical with hoods either absent or weakly developed and facing different directions. They have style-like columellae and six short septa.,Colour:,Brown.,Habitat:,Sloping rock faces.,Abundance:,Locally common.
Stylophora kuehlmanni,"Scheer and Pillai, 1983",Characters:,"Colonies have thin (up to 5 mm diameter), irregular, often anastomosing branches with blunt ends. Corallites are prominent, almost tubular, with well developed hoods giving branches a spiny appearance. They have style-like columellae and six primary septa which may be short or fused with the columella. The coenosteum is covered by fine spinules. Tentacles are often extended during the day.",Colour:,"Cream or pink, occasionally greenish.",Habitat:,Shallow reef environments.,Abundance:,Uncommon but distinctive.
Stylophora madagascarensis,"Veron, 2000",Characters:,"Colonies have thin (up to 5 mm diameter), straight compact branches. Corallites are crowded and uniformly spaced on branch sides and ends. They have a slight development of hoods towards branch ends. They have small style-like columellae and six primary septa which are fused with the columellae. The coenosteum is covered by fine spinules. Tentacles are not extended during the day.",Colour:,"Uniform tan, sometimes with pinkish branch bases.",Habitat:,Shallow reef environments exposed to some wave action and sheltered lagoons.,Abundance:,Common; may be a dominant species on exposed reef fronts.
Stylophora mamillata,"Scheer and Pillai, 1983",Characters:,Colonies are small (less than 0.1 metre across) and encrusting. The surface has small (approximately 8 mm diameter) mounds which do not develop into branches. Corallites have well developed hoods facing different directions. They have style-like columellae and septa in two unequal cycles.,Colour:,Usually cream or pinkish.,Habitat:,Found only on vertical surfaces of mid- to lower reef slopes.,Abundance:,Common.
Stylophora pistillata,"(Esper, 1792)",Characters:,"Colonies are branching with blunt-ended branches becoming thick and submassive. Corallites are immersed, conical or hooded. They have a solid style-like columella, six primary septa which may be short or fused with the columella, and sometimes six short secondary septa. The coenosteum is covered by fine spinules.",Colour:,"Uniform cream, pink, blue (which may photograph pink) or green.",Habitat:,Primarily in shallow water reef environments exposed to strong wave action.,Abundance:,Uncommon except on the edge of reef flats exposed to wave action.
Stylophora subseriata,"(Ehrenberg, 1834)",Characters:,"Colonies have thin (up to 5 mm diameter), irregular, often anastomosing branches with blunt ends. Corallites are prominent but do not have prominent hoods. They have style-like columellae and six primary septa which may be short or fused with the columella. The coenosteum is covered by fine spinules. Tentacles are often extended during the day.",Colour:,"Uniform cream or pink, occasionally greenish.",Habitat:,Most reef environments.,Abundance:,Uncommon.
Stylophora wellsi,"Scheer, 1964",Characters:,"Colonies usually consist of clumps of short knobby branches up to 40 millimetres thick with blunt ends. Corallites are crowded and immersed to conical, with hoods often facing different directions. They have small style-like columellae, six primary septa and rudimentary secondary septa. The coenosteum is covered by coarse spinules.",Colour:,Uniform cream.,Habitat:,Found only in shallow water exposed to wave action.,Abundance:,Sometimes common.
Symphyllia agaricia,"Milne Edwards and Haime, 1849",Characters:,"Colonies are hemispherical to flat. Valleys are sinuous or straight, averaging 35 millimetres wide and are usually separated by a narrow groove. Walls have a thick fleshy appearance. Septa are thick and have large teeth. Columellae are usually in two rows.",Colour:,"Brown, green or red, usually with distinctly contrasting valley and wall colours.",Habitat:,Exposed upper reef slopes.,Abundance:,Uncommon.
Symphyllia erythraea,"(Klunzinger, 1879)",Characters:,"Colonies are massive, becoming hemispherical. Valleys are short, usually with less than three centres. Septa are in two orders, with tall teeth. Columellae are well formed.",Colour:,"Mottled or uniform brown, grey, green or cream.",Habitat:,Most reef environments.,Abundance:,Common.
Symphyllia hassi,"Pillai and Scheer, 1976",Characters:,Colonies are hemispherical to flat and are seldom more than 0.2 metres across. Valleys are short and usually less than 25 millimetres wide. Walls are thick and in extreme cases can have an ambulacral groove which is wider than the valleys (similar to ). Costae and septa are both thick. Septa have large blunt spines. Columellae are large and centred in valleys.,Colour:,Cream.,Habitat:,Exposed upper reef slopes and reef flats.,Abundance:,Common.
Symphyllia radians,"Milne Edwards and Haime, 1849",Characters:,"Colonies are hemispherical to flat. Valleys average 20-25 millimetres wide, and are irregularly meandroid, becoming straight in flat colonies. Walls have a moderately thick fleshy appearance and usually have a groove along the top.",Colour:,"A wide range of red, grey and green, with valleys and walls usually of contrasting colours. Red Sea colonies are usually cream.",Habitat:,Upper reef slopes and fringing reefs.,Abundance:,Uncommon.
Symphyllia recta,"(Dana, 1846)",Characters:,"Colonies are hemispherical to flat. Valleys are 12-15 millimetres wide, and are highly sinuous. Polyp walls have a moderately thick fleshy appearance and usually have a groove along the top.",Colour:,"Brown, grey or green, either mottled or with walls and valleys of contrasting colours.",Habitat:,Upper reef slopes and fringing reefs.,Abundance:,Usually uncommon but conspicuous.
Symphyllia valenciennesi,"Milne Edwards and Haime, 1849",Characters:,"Colonies are usually flat. Valleys radiate from a flat central area and have steep sides and flat floors. Walls have a moderately fleshy appearance and usually have a groove along the top. Septa are thick, with large teeth. Polyps may be fleshy.",Colour:,"Usually grey, brown or mottled, with valley floors and walls of contrasting colours.",Habitat:,Lower reef slopes protected from wave action and rocky foreshores of subtropical locations.,Abundance:,"Rare on reefs, common around continental islands and some inter-reef areas."
Symphyllia wilsoni,"Veron, 1985",Characters:,"Colonies are massive or submassive and flattened. Valleys are irregular in length and shape. All skeletal structures are small for a , with septa being generally like those of . Polyps are fleshy, with a groove along the tops of valley walls.",Colour:,"A wide range of mottled, green, grey, purple and brown. Valley walls and floors have contrasting colours.",Habitat:,Subtidal rocky foreshores of temperate localities.,Abundance:,Uncommon.
Trachyphyllia geoffroyi,"(Audouin, 1826)",Characters:,"Colonies are flabello-meandroid and free-living. They are usually hourglass shaped, up to 80 millimetres in length with one to three separate mouths. Large, fully flabello-meandroid colonies are uncommon. Valleys have large regular septa and paliform lobes and a large columella of tangled spines. Polyps are fleshy. When tentacles are retracted during the day a large mantle extends well beyond the perimeter of the skeleton. This retracts if disturbed. At night tentacles in several rows are extended from the expanded oral disc inside the mantle. The mouth is approximately 10 millimetres across.",Colour:,"Polyps, especially the mantles, are often brightly coloured, usually yellow, brown, blue or green.",Habitat:,"Inter-reef environments and on soft substrates around continental islands. Frequently found with other free-living corals: ,   and . Large colonies are found only in certain protected, shallow island embayments.",Abundance:,Usually rare.
Turbinaria bifrons,"Brüggemann, 1877",Characters:,"Colonies are initially flat laminae which develop elongate, upright, bifacial fronds. Corallites are conical, regularly spaced, and have a uniform appearance.",Colour:,"Usually grey, green or brown, with paler calices.",Habitat:,Shallow reefs and rocky foreshores of subtropical locations.,Abundance:,Common in a wide range of reef environments.
Turbinaria conspicua,"Bernard, 1896",Characters:,"Colonies are composed of thin, upright, bifacial fronds. Corallites are small, immersed and widely separated, with small calices.",Colour:,Pale brown or cream.,Habitat:,Shallow reef environments.,Abundance:,"Rare in the tropics, uncommon in subtropical localities."
Turbinaria frondens,"(Dana, 1846)",Characters:,"Small colonies are usually cup-shaped. They then develop broad, unifacial, upright to horizontal fronds, or become irregularly contorted. Corallites are immersed to long and tubular, the latter being strongly inclined to the margins of upright fronds. They average 3.5 millimetres diameter.",Colour:,"Usually a uniform dark or greenish-brown, sometimes yellowish to grey.",Habitat:,Shallow reefs and rocky foreshores.,Abundance:,Common except in the Indian Ocean where it is rare.
Turbinaria heronensis,"Wells, 1959",Characters:,"Colonies have highly divided, irregular laminae with long tubular corallites.",Colour:,"Dark or pale browns, yellow or green.",Habitat:,Usually on upper slopes and outer flats of subtropical reefs.,Abundance:,Common.
Turbinaria irregularis,"Bernard, 1896",Characters:,"Colonies consist of encrusting plates, with free irregular margins. Corallites are exsert and irregular. The coenosteum between corallites is smooth and uniform between adjacent corallites.",Colour:,Uniform or mottled dark brown.,Habitat:,Reefs and rocky foreshores.,Abundance:,Uncommon except in subtropical localities.
Turbinaria mesenterina,"(Lamarck, 1816)",Characters:,"Colonies are composed of unifacial laminae which are highly contorted and fused when growing in subtidal habitats, are upright or tiered when on upper reef slopes and are horizontal in deeper water. This variation is determined by light availability. Colonies are usually less than one metre across but may be much larger on fringing reefs. Corallites are crowded, slightly exsert and average 2.5 millimetres diameter.",Colour:,Usually grey-green or grey-brown.,Habitat:,May be a dominant species in shallow turbid environments.,Abundance:,Common and may be a dominant species.
Turbinaria patula,"(Dana, 1846)",Characters:,"Colonies are usually irregularly folded, unifacial, upright fronds with long tubular corallites strongly inclined towards the colony margins. Corallites have elliptical openings, and average 5 millimetres diameter.",Colour:,"Pale brown, green or grey.",Habitat:,Inshore reefs and shallow rocky foreshores of subtropical locations.,Abundance:,Rare except in some subtropical localities.
Turbinaria peltata,"(Esper, 1792)",Characters:,Colonies are flat laminae often forming overlapping tiers. They are sometimes columnar. They may be several metres across. Corallites are immersed to tubular and average 6 millimetres diameter. Polyps are large and tentacles are usually extended during the day.,Colour:,Usually grey or brown.,Habitat:,"Protected environments, especially shallow rocky foreshores with turbid water. Also occurs on shallow reef slopes.",Abundance:,Sometimes common.
Turbinaria radicalis,"Bernard, 1896",Characters:,Colonies are encrusting laminae which have rootlets growing down into the substrate. The surface is smooth. Corallites may be aligned in irregular rows and are low cones or immersed.,Colour:,Pale to dark brown or green with pale corallites.,Habitat:,Rocky foreshores of subtropical locations.,Abundance:,Usually uncommon.
Turbinaria reniformis,"Bernard, 1896",Characters:,"Colonies are composed of unifacial laminae sometimes forming tiers which are mostly horizontal. Corallites are widely spaced, thick walled, immersed to conical in shape and average 2.5 millimetres diameter.",Colour:,Usually yellow-green with distinctly coloured margins.,Habitat:,May form large stands on fringing reefs where the water is turbid.,Abundance:,"Usually uncommon, but distinctive."
Turbinaria stellulata,"(Lamarck, 1816)",Characters:,"Colonies are primarily encrusting. Corallites are thick walled, conical and average 2.5 millimetres diameter.",Colour:,Usually brown or green but may be a wide range of other colours. The coenosteum between corallites is usually darker than the corallite walls.,Habitat:,May form conspicuous dome-shaped colonies on upper reef slopes. Unlike other  this species is seldom found in turbid waters.,,
Zoopilus echinatus,"Dana, 1846",Characters:,"Colonies are free-living, delicate, thin walled domes, commonly over 0.6 metres across. Septo-costae radiate from a central corallite or are perpendicular to the colony margin. There is usually a well defined line of demarcation where groups of septa meet. Septal teeth are tall.",Colour:,Dark brown.,Habitat:,Deep protected environments.,,
